FILE,SHEET,VISIBLE,ROWS,COLUMNS,DOCUMENT_TYPE,HAS_PRODUCT_LINES,HEADER_ROW,STATUS
COTIZACIONES_0.2_b68c.xlsx,Cotizacion1,VISIBLE,28,7,QUOTATION,True,13,PROCESS
COTIZACIONES_0.2_b68c.xlsx,Factura1,VISIBLE,27,7,INVOICE,True,14,PROCESS
COTIZACIONES_0.2_b68c.xlsx,Analisis de Costo1,VISIBLE,13,9,COST_ANALYSIS,True,7,PROCESS
COTIZACIONES_0.2_b68c.xlsx,Cotizacion2,VISIBLE,31,7,QUOTATION,True,13,PROCESS
COTIZACIONES_0.2_b68c.xlsx,Factura 4,VISIBLE,29,7,INVOICE,True,14,PROCESS
COTIZACIONES_0.2_b68c.xlsx,Analisis de Costo2,VISIBLE,13,9,COST_ANALYSIS,True,7,PROCESS
COTIZACIONES_0.2_b68c.xlsx,Cotizacion3,VISIBLE,52,7,QUOTATION,True,13,PROCESS
COTIZACIONES_0.2_b68c.xlsx,Factura 2,VISIBLE,50,7,INVOICE,True,14,PROCESS
COTIZACIONES_0.2_b68c.xlsx,Cotizacion4 ,VISIBLE,29,7,QUOTATION,True,13,PROCESS
COTIZACIONES_0.2_b68c.xlsx,Cotizacion 5,VISIBLE,31,7,QUOTATION,True,13,PROCESS
COTIZACIONES_0.2_b68c.xlsx,Factura 3,VISIBLE,30,7,INVOICE,True,14,PROCESS
COTIZACIONES_0.2_b68c.xlsx,EJEMPLO COT JORGE,VISIBLE,21,7,QUOTATION,True,9,PROCESS
COTIZACIONES_0.2_b68c.xlsx,Cotizacion 5 (4),VISIBLE,19,7,QUOTATION,True,,PROCESS
COTIZACIONES_0.2_b68c.xlsx,Cotizacion 5 (5),VISIBLE,16,7,QUOTATION,True,,PROCESS
COTIZACIONES_0.2_b68c.xlsx,Cotizacion 5 (6),VISIBLE,15,7,QUOTATION,True,,PROCESS
COTIZACIONES_0.2_b68c.xlsx,Cotizacion 5 (7),VISIBLE,17,7,QUOTATION,True,,PROCESS
COTIZACIONES_0.2_b68c.xlsx,Cotizacion 5 (8),VISIBLE,17,7,QUOTATION,True,,PROCESS
COTIZACIONES_0.2_b68c.xlsx,Cotizacion 5 (9),VISIBLE,14,7,QUOTATION,True,,PROCESS
COTIZACIONES_0.2_b68c.xlsx,Cotizacion 5 (10),VISIBLE,20,7,QUOTATION,True,,PROCESS
COTIZACIONES_0.2_b68c.xlsx,Cotizacion 5 (11),VISIBLE,21,7,QUOTATION,True,,PROCESS
COTIZACIONES_0.2_b68c.xlsx,Cotizacion 5 (12),VISIBLE,38,7,QUOTATION,True,,PROCESS
COTIZACIONES_0.2_b68c.xlsx,Cotizacion 5 (13),VISIBLE,18,7,QUOTATION,True,,PROCESS
COTIZACIONES_0.2_b68c.xlsx,Cotizacion 5 (14),VISIBLE,18,7,QUOTATION,True,,PROCESS
COTIZACIONES_0.2_b68c.xlsx,Cotizacion ASDE1,VISIBLE,50,7,QUOTATION,True,,PROCESS
COTIZACIONES_0.2_b68c.xlsx,Cotizacion ASDE1 (2),VISIBLE,84,7,QUOTATION,True,,PROCESS
COTIZACIONES_0.2_b68c.xlsx,Cotizacion ASDE1 (3),VISIBLE,57,7,QUOTATION,True,,PROCESS
COTIZACIONES_0.2_b68c.xlsx,Cotizacion 5 (15),VISIBLE,26,7,QUOTATION,True,,PROCESS
COTIZACIONES_0.2_b68c.xlsx,Cotizacion 5 (16),VISIBLE,15,7,QUOTATION,True,,PROCESS
COTIZACIONES_0.2_b68c.xlsx,Cotizacion ASDE1 (4),VISIBLE,36,7,QUOTATION,True,,PROCESS
COTIZACIONES_0.2_b68c.xlsx,Cotizacion 5 (17),VISIBLE,25,7,QUOTATION,True,,PROCESS
COTIZACIONES_0.2_b68c.xlsx,Cotizacion 5 (18),VISIBLE,21,7,QUOTATION,True,,PROCESS
COTIZACIONES_0.2_b68c.xlsx,Cotizacion 5 (19),VISIBLE,17,7,QUOTATION,True,,PROCESS
COTIZACIONES_0.2_b68c.xlsx,Cotizacion 5 (20),VISIBLE,24,7,QUOTATION,True,,PROCESS
COTIZACIONES_0.2_b68c.xlsx,Cotizacion 5 (21),VISIBLE,15,7,QUOTATION,True,,PROCESS
COTIZACIONES_0.2_b68c.xlsx,Cotizacion ASDE1 (5),VISIBLE,30,7,QUOTATION,True,,PROCESS
COTIZACIONES_0.2_b68c.xlsx,Cotizacion 5 (22),VISIBLE,18,7,QUOTATION,True,,PROCESS
COTIZACIONES_0.2_b68c.xlsx,Cotizacion 5 (23),VISIBLE,18,7,QUOTATION,True,,PROCESS
COTIZACIONES_0.2_b68c.xlsx,Cotizacion 5 (24),VISIBLE,18,7,QUOTATION,True,13,PROCESS
COTIZACIONES_0.2_b68c.xlsx,Cotizacion 5 (25),VISIBLE,14,7,QUOTATION,True,13,PROCESS
COTIZACIONES_0.2_b68c.xlsx,Cotizacion 5 (26),VISIBLE,18,7,QUOTATION,True,,PROCESS
COTIZACIONES_0.2_b68c.xlsx,Cotizacion 5 (27),VISIBLE,20,7,QUOTATION,True,,PROCESS
COTIZACIONES_0.2_b68c.xlsx,Cotizacion 5 (28),VISIBLE,24,7,QUOTATION,True,,PROCESS
COTIZACIONES_0.2_b68c.xlsx,Cotizacion ASDE1 (6),VISIBLE,48,7,QUOTATION,True,,PROCESS
COTIZACIONES_0.2_b68c.xlsx,Cotizacion ASDE1 (7),VISIBLE,48,7,QUOTATION,True,,PROCESS
COTIZACIONES_0.2_b68c.xlsx,Cotizacion ASDE1 (8),VISIBLE,70,9,QUOTATION,True,11,PROCESS
COTIZACIONES_0.2_b68c.xlsx,Cotizacion PROA,VISIBLE,45,7,QUOTATION,True,13,PROCESS
COTIZACIONES_0.2_b68c.xlsx,Cotizacion 5 (29),VISIBLE,25,7,QUOTATION,True,,PROCESS
COTIZACIONES_0.2_b68c.xlsx,Cotizacion 5 (30),VISIBLE,18,7,QUOTATION,True,,PROCESS
COTIZACIONES_0.2_b68c.xlsx,Cotizacion ASDE1 (ataud),VISIBLE,54,8,QUOTATION,True,,PROCESS
COTIZACIONES_0.2_b68c.xlsx,Cotizacion ASDE,VISIBLE,150,8,QUOTATION,True,14,PROCESS
COTIZACIONES_0.2_b68c.xlsx,Cotizacion ASDE1 (9),VISIBLE,57,7,QUOTATION,True,,PROCESS
COTIZACIONES_0.2_b68c.xlsx,Cotizacion ASDE 9 (2),VISIBLE,21,8,QUOTATION,True,,PROCESS
COTIZACIONES_0.2_b68c.xlsx,Cotizacion ASDE (3),VISIBLE,35,5,QUOTATION,True,0,PROCESS
COTIZACIONES_0.2_b68c.xlsx,Cotizacion 5 (31),VISIBLE,17,7,QUOTATION,True,,PROCESS
COTIZACIONES_0.2_b68c.xlsx,Cotizacion ASDE1 (10),VISIBLE,84,7,QUOTATION,True,,PROCESS
COTIZACIONES_0.2_b68c.xlsx,Cotizacion 5 (32),VISIBLE,17,7,QUOTATION,True,13,PROCESS
COTIZACIONES_0.2_b68c.xlsx,Cotizacion 5 (33),VISIBLE,14,7,QUOTATION,True,13,PROCESS
COTIZACIONES_0.2_b68c.xlsx,Cotizacion 5 (34),VISIBLE,15,7,QUOTATION,True,,PROCESS
COTIZACIONES_0.2_b68c.xlsx,Cotizacion 5 (35),VISIBLE,14,7,QUOTATION,True,13,PROCESS
COTIZACIONES_0.2_b68c.xlsx,Cotizacion 5 (36),VISIBLE,56,7,QUOTATION,True,13,PROCESS
COTIZACIONES_0.2_b68c.xlsx,Cotizacion 5 (37),VISIBLE,25,7,QUOTATION,True,,PROCESS
COTIZACIONES_0.2_b68c.xlsx,Cotizacion 5 (38),VISIBLE,17,7,QUOTATION,True,,PROCESS
COTIZACIONES_0.2_b68c.xlsx,Cotizacion 5 (39),VISIBLE,14,7,QUOTATION,True,,PROCESS
COTIZACIONES_0.2_b68c.xlsx,Cotizacion 5 (40),VISIBLE,14,7,QUOTATION,True,13,PROCESS
COTIZACIONES_0.2_b68c.xlsx,Cotizacion 5 (41),VISIBLE,21,7,QUOTATION,True,,PROCESS
COTIZACIONES_0.2_b68c.xlsx,Cotizacion 5 (42),VISIBLE,27,7,QUOTATION,True,,PROCESS
COTIZACIONES_0.2_b68c.xlsx,Cotizacion 5 (44),VISIBLE,24,7,QUOTATION,True,,PROCESS
COTIZACIONES_0.2_b68c.xlsx,Cotizacion 5 (45),VISIBLE,14,7,QUOTATION,True,,PROCESS
COTIZACIONES_0.2_b68c.xlsx,Cotizacion 5 (46),VISIBLE,14,7,QUOTATION,True,,PROCESS
COTIZACIONES_0.2_b68c.xlsx,Cotizacion ASDE1 (ataud) (2),VISIBLE,54,8,QUOTATION,True,,PROCESS
COTIZACIONES_0.2_b68c.xlsx,Cotizacion ASDE1 (11),VISIBLE,70,9,QUOTATION,True,11,PROCESS
COTIZACIONES_0.2_b68c.xlsx,Cotizacion ASDE1 (ataud) (3),VISIBLE,54,8,QUOTATION,True,14,PROCESS
COTIZACIONES_0.2_b68c.xlsx,Cotizacion 5 (47),VISIBLE,14,7,QUOTATION,True,,PROCESS
COTIZACIONES_0.2_b68c.xlsx,Cotizacion 5 (43),VISIBLE,14,7,QUOTATION,True,13,PROCESS
COTIZACIONES_0.2_b68c.xlsx,Cotizacion 5 (48),VISIBLE,16,7,QUOTATION,True,,PROCESS
COTIZACIONES_0.2_b68c.xlsx,Cotizacion 5 (49),VISIBLE,33,7,QUOTATION,True,13,PROCESS
COTIZACIONES_0.2_b68c.xlsx,Hoja1,VISIBLE,3,1,UNKNOWN,False,,PROCESS
COTIZACIONES_0.2_b68c.xlsx,Cotizacion 5 (50),VISIBLE,40,7,QUOTATION,True,13,PROCESS
COTIZACIONES_0.2_b68c.xlsx,Cotizacion ASDE1 (ataud) (4),VISIBLE,54,8,QUOTATION,True,14,PROCESS
COTIZACIONES_0.2_b68c.xlsx,Cotizacion 5 (51),VISIBLE,14,7,QUOTATION,True,13,PROCESS
COTIZACIONES_0.2_b68c.xlsx,Cotizacion 5 (52),VISIBLE,17,7,QUOTATION,True,,PROCESS
COTIZACIONES_0.2_b68c.xlsx,Cotizacion 5 (53),VISIBLE,20,7,QUOTATION,True,13,PROCESS
COTIZACIONES_0.2_b68c.xlsx,Cotizacion 5 (54),VISIBLE,34,7,QUOTATION,True,13,PROCESS
COTIZACIONES_0.2_b68c.xlsx,Cotizacion 5 (55),VISIBLE,14,7,QUOTATION,True,13,PROCESS
COTIZACIONES_0.2_b68c.xlsx,Cotizacion 5 (56),VISIBLE,14,7,QUOTATION,True,13,PROCESS
COTIZACIONES_0.2_b68c.xlsx,Cotizacion 5 (57),VISIBLE,14,7,QUOTATION,True,,PROCESS
COTIZACIONES_0.2_b68c.xlsx,Cotizacion 5 (58),VISIBLE,19,7,QUOTATION,True,13,PROCESS
COTIZACIONES_0.2_b68c.xlsx,Cotizacion 5 (59),VISIBLE,15,7,QUOTATION,True,,PROCESS
COTIZACIONES_0.2_b68c.xlsx,Cot Reconocimiento de deuda ASD,VISIBLE,30,8,QUOTATION,True,13,PROCESS
COTIZACIONES_0.2_b68c.xlsx,Cotizacion 5 (61),VISIBLE,24,7,QUOTATION,True,,PROCESS
COTIZACIONES_0.2_b68c.xlsx,Cotizacion 5 (62),VISIBLE,42,7,QUOTATION,True,13,PROCESS
COTIZACIONES_0.2_b68c.xlsx,Cotizacion 5 (63),VISIBLE,25,7,QUOTATION,True,13,PROCESS
COTIZACIONES_0.2_b68c.xlsx,Cotizacion 5 (64),VISIBLE,24,7,QUOTATION,True,,PROCESS
COTIZACIONES_0.2_b68c.xlsx,Cotizacion 5 (65),VISIBLE,18,7,QUOTATION,True,13,PROCESS
COTIZACIONES_0.2_b68c.xlsx,Cotizacion 5 (66),VISIBLE,16,7,QUOTATION,True,13,PROCESS
COTIZACIONES_0.2_b68c.xlsx,Cotizacion 5 (67),VISIBLE,14,7,QUOTATION,True,13,PROCESS
COTIZACIONES_0.2_b68c.xlsx,Cotizacion 5 (68),VISIBLE,16,7,QUOTATION,True,13,PROCESS
COTIZACIONES_0.2_b68c.xlsx,Cotizacion 5 (69),VISIBLE,33,7,QUOTATION,True,13,PROCESS
COTIZACIONES_0.2_b68c.xlsx,Cotizacion 5 (70),VISIBLE,18,7,QUOTATION,True,13,PROCESS
COTIZACIONES_0.2_b68c.xlsx,Cotizacion 5 (71),VISIBLE,19,7,QUOTATION,True,13,PROCESS
COTIZACIONES_0.2_b68c.xlsx,Cot Reconocimiento de deuda (2),VISIBLE,30,8,QUOTATION,True,13,PROCESS
COTIZACIONES_0.2_b68c.xlsx,Cotizacion 5 (60),VISIBLE,26,7,QUOTATION,True,13,PROCESS
COTIZACIONES_0.2_b68c.xlsx,Cotizacion 5 (72),VISIBLE,14,7,QUOTATION,True,13,PROCESS
COTIZACIONES_0.2_b68c.xlsx,Cotizacion 5 (73),VISIBLE,16,7,QUOTATION,True,13,PROCESS
COTIZACIONES_0.2_b68c.xlsx,Cotizacion 5 (74),VISIBLE,22,7,QUOTATION,True,13,PROCESS
COTIZACIONES_0.2_b68c.xlsx,Cotizacion 5 (75),VISIBLE,18,7,QUOTATION,True,,PROCESS
COTIZACIONES_0.2_b68c.xlsx,Cotizacion 5 (76),VISIBLE,15,7,QUOTATION,True,14,PROCESS
COTIZACIONES_0.2_b68c.xlsx,Cotizacion complementaria,VISIBLE,14,7,QUOTATION,True,13,PROCESS
COTIZACIONES_0.2_b68c.xlsx,Cotizacion 5 (77),VISIBLE,15,7,QUOTATION,True,13,PROCESS
COTIZACIONES_0.2_b68c.xlsx,Cotizacion 5 (78),VISIBLE,22,7,QUOTATION,True,13,PROCESS
COTIZACIONES_0.2_b68c.xlsx,Cotizacion 5 (79),VISIBLE,16,7,QUOTATION,True,13,PROCESS
COTIZACIONES_0.2_b68c.xlsx,Cotizacion 5 (80),VISIBLE,15,7,QUOTATION,True,13,PROCESS
COTIZACIONES_0.2_b68c.xlsx,Cotizacion 5 (81),VISIBLE,15,7,QUOTATION,True,13,PROCESS
COTIZACIONES_0.2_b68c.xlsx,Cotizacion 5 (82),VISIBLE,17,7,QUOTATION,True,13,PROCESS
COTIZACIONES_0.2_b68c.xlsx,Cotizacion complementaria (2),VISIBLE,15,7,QUOTATION,True,13,PROCESS
COTIZACIONES_0.2_b68c.xlsx,COTIZACION nuevo formato,VISIBLE,20,6,QUOTATION,True,13,PROCESS
COTIZACIONES_DORALEX_SRL_bb53.xlsx,Cotizacion,VISIBLE,51,9,QUOTATION,True,13,PROCESS
COTIZACIONES_DORALEX_SRL_bb53.xlsx,Hoja1,VISIBLE,83,4,PRODUCT_LIST,True,1,PROCESS
COTIZACIONES_DORALEX_SRL_bb53.xlsx,Analisis de Costo.,VISIBLE,13,9,COST_ANALYSIS,True,7,PROCESS
COTIZACIONES_DORALEX_SRL_bb53.xlsx,Hoja2,VISIBLE,44,8,UNKNOWN,True,,PROCESS
COTIZACIONES_DORALEX_SRL_bb53.xlsx,Cotizacion (2),VISIBLE,21,9,QUOTATION,True,13,PROCESS
COTIZACIONES_DORALEX_SRL_bb53.xlsx,Cotizacion (3),VISIBLE,15,9,QUOTATION,True,13,PROCESS
COTIZACIONES_DORALEX_SRL_bb53.xlsx,Cotizacion (4),VISIBLE,25,9,QUOTATION,True,13,PROCESS
COTIZACIONES_DORALEX_SRL_bb53.xlsx,Cotizacion (5),VISIBLE,15,9,QUOTATION,True,13,PROCESS
COTIZACIONES_DORALEX_SRL_bb53.xlsx,Cotizacion (6),VISIBLE,18,10,QUOTATION,True,13,PROCESS
COTIZACIONES_DORALEX_SRL_bb53.xlsx,Cotizacion (7),VISIBLE,16,9,QUOTATION,True,13,PROCESS
COTIZACIONES_DORALEX_SRL_bb53.xlsx,Cotizacion (8),VISIBLE,29,9,QUOTATION,True,13,PROCESS
COTIZACIONES_DORALEX_SRL_bb53.xlsx,Cotizacion (9),VISIBLE,18,9,QUOTATION,True,13,PROCESS
COTIZACIONES_DORALEX_SRL_bb53.xlsx,Cotizacion (10),VISIBLE,12,9,QUOTATION,True,13,PROCESS
COTIZACIONES_DORALEX_SRL_bb53.xlsx,Cotizacion (12),VISIBLE,12,9,QUOTATION,True,13,PROCESS
COTIZACIONES_DORALEX_SRL_bb53.xlsx,Cotizacion (13),VISIBLE,17,9,QUOTATION,True,13,PROCESS
COTIZACIONES_DORALEX_SRL_bb53.xlsx,Cotizacion (14),VISIBLE,10,9,QUOTATION,True,13,PROCESS
COTIZACIONES_DORALEX_SRL_bb53.xlsx,Cotizacion (15),VISIBLE,16,9,QUOTATION,True,13,PROCESS
COTIZACIONES_DORALEX_SRL_bb53.xlsx,Cotizacion (16),VISIBLE,13,9,QUOTATION,True,13,PROCESS
COTIZACIONES_DORALEX_SRL_bb53.xlsx,Cotizacion (17),VISIBLE,20,9,QUOTATION,True,13,PROCESS
COTIZACIONES_DORALEX_SRL_bb53.xlsx,Cotizacion (18),VISIBLE,16,9,QUOTATION,True,14,PROCESS
COTIZACIONES_DORALEX_SRL_bb53.xlsx,Cotizacion (19),VISIBLE,23,8,QUOTATION,True,13,PROCESS
COTIZACIONES_DORALEX_SRL_bb53.xlsx,Cotizacion (20),VISIBLE,16,8,QUOTATION,True,13,PROCESS
COTIZACIONES_DORALEX_SRL_bb53.xlsx,Cotizacion (21),VISIBLE,37,8,QUOTATION,True,13,PROCESS
COTIZACIONES_DORALEX_SRL_bb53.xlsx,Cotizacion (22),VISIBLE,22,8,QUOTATION,True,13,PROCESS
COTIZACIONES_DORALEX_SRL_bb53.xlsx,Cotizacion (23),VISIBLE,46,8,QUOTATION,True,13,PROCESS
COTIZACIONES_DORALEX_SRL_bb53.xlsx,Cotizacion (24),VISIBLE,19,8,QUOTATION,True,13,PROCESS
COTIZACIONES_DORALEX_SRL_bb53.xlsx,Cotizacion (25),VISIBLE,19,8,QUOTATION,True,13,PROCESS
COTIZACIONES_DORALEX_SRL_bb53.xlsx,Cotizacion (26),VISIBLE,23,8,QUOTATION,True,13,PROCESS
COTIZACIONES_DORALEX_SRL_bb53.xlsx,Cotizacion (27),VISIBLE,18,8,QUOTATION,True,13,PROCESS
COTIZACIONES_DORALEX_SRL_bb53.xlsx,Cotizacion (28),VISIBLE,16,8,QUOTATION,True,,PROCESS
COTIZACIONES_DORALEX_SRL_bb53.xlsx,Cotizacion (29),VISIBLE,22,8,QUOTATION,True,13,PROCESS
COTIZACIONES_DORALEX_SRL_bb53.xlsx,Cotizacion (30),VISIBLE,17,8,QUOTATION,True,,PROCESS
COTIZACIONES_DORALEX_SRL_bb53.xlsx,Cot Licitacion ASDE,VISIBLE,58,8,QUOTATION,True,13,PROCESS
COTIZACIONES_DORALEX_SRL_bb53.xlsx,Cotizacion (31),VISIBLE,17,8,QUOTATION,True,13,PROCESS
COTIZACIONES_DORALEX_SRL_bb53.xlsx,Cotizacion (32),VISIBLE,16,8,QUOTATION,True,13,PROCESS
COTIZACIONES_DORALEX_SRL_bb53.xlsx,Cotizacion (33),VISIBLE,19,8,QUOTATION,True,13,PROCESS
COTIZACIONES_DORALEX_SRL_bb53.xlsx,Cotizacion (34),VISIBLE,16,8,QUOTATION,True,13,PROCESS
COTIZACIONES_DORALEX_SRL_bb53.xlsx,Cotizacion (35),VISIBLE,15,8,QUOTATION,True,13,PROCESS
COTIZACIONES_DORALEX_SRL_bb53.xlsx,Cotizacion (37),VISIBLE,17,8,QUOTATION,True,13,PROCESS
COTIZACIONES_DORALEX_SRL_bb53.xlsx,Cotizacion (36),VISIBLE,14,8,QUOTATION,True,13,PROCESS
COTIZACIONES_DORALEX_SRL_bb53.xlsx,Cotizacion (38),VISIBLE,20,8,QUOTATION,True,13,PROCESS
COTIZACIONES_DORALEX_SRL_bb53.xlsx,Cotizacion (39),VISIBLE,15,8,QUOTATION,True,13,PROCESS
COTIZACIONES_DORALEX_SRL_bb53.xlsx,Cotizacion 40,VISIBLE,65,9,QUOTATION,True,14,PROCESS
COTIZACIONES_DORALEX_SRL_bb53.xlsx,Cotizacion (40),VISIBLE,17,8,QUOTATION,True,13,PROCESS
COTIZACIONES_DORALEX_SRL_bb53.xlsx,Cotizacion (42),VISIBLE,16,8,QUOTATION,True,13,PROCESS
COTIZACIONES_DORALEX_SRL_bb53.xlsx,Cotizacion (41),VISIBLE,24,8,QUOTATION,True,,PROCESS
COTIZACIONES_DORALEX_SRL_bb53.xlsx,Cotizacion (43),VISIBLE,16,8,QUOTATION,True,13,PROCESS
COTIZACIONES_DORALEX_SRL_bb53.xlsx,Cotizacion (44),VISIBLE,20,8,QUOTATION,True,13,PROCESS
COTIZACIONES_DORALEX_SRL_bb53.xlsx,Cotizacion (46),VISIBLE,53,8,QUOTATION,True,13,PROCESS
COTIZACIONES_DORALEX_SRL_bb53.xlsx,Cotizacion (47),VISIBLE,45,8,QUOTATION,True,14,PROCESS
COTIZACIONES_DORALEX_SRL_bb53.xlsx,Cotizacion (48),VISIBLE,39,8,QUOTATION,True,14,PROCESS
COTIZACIONES_DORALEX_SRL_bb53.xlsx,Cotizacion (45),VISIBLE,15,8,QUOTATION,True,13,PROCESS
COTIZACIONES_DORALEX_SRL_bb53.xlsx,Cotizacion (49),VISIBLE,15,8,QUOTATION,True,14,PROCESS
COTIZACIONES_DORALEX_SRL_bb53.xlsx,Cotizacion (51),VISIBLE,19,8,QUOTATION,True,14,PROCESS
COTIZACIONES_DORALEX_SRL_bb53.xlsx,Cotizacion (52),VISIBLE,69,8,QUOTATION,True,14,PROCESS
COTIZACIONES_DORALEX_SRL_bb53.xlsx,Cotizacion (53),VISIBLE,69,8,QUOTATION,True,14,PROCESS
COTIZACIONES_DORALEX_SRL_bb53.xlsx,Cotizacion (54),VISIBLE,17,8,QUOTATION,True,14,PROCESS
COTIZACIONES_DORALEX_SRL_bb53.xlsx,Cotizacion (55),VISIBLE,20,8,QUOTATION,True,14,PROCESS
COTIZACIONES_DORALEX_SRL_bb53.xlsx,Cotizacion (56),VISIBLE,36,8,QUOTATION,True,14,PROCESS
COTIZACIONES_DORALEX_SRL_bb53.xlsx,Cot Licitacion ASDE (2),VISIBLE,58,8,QUOTATION,True,13,PROCESS
COTIZACIONES_DORALEX_SRL_bb53.xlsx,Cotizacion (57),VISIBLE,17,8,QUOTATION,True,14,PROCESS
COTIZACIONES_DORALEX_SRL_bb53.xlsx,Cotizacion (58),VISIBLE,16,9,QUOTATION,True,15,PROCESS
COTIZACIONES_DORALEX_SRL_bb53.xlsx,Cotizacion (59),VISIBLE,53,8,QUOTATION,True,13,PROCESS
COTIZACIONES_DORALEX_SRL_bb53.xlsx,Cotizacion (60),VISIBLE,17,8,QUOTATION,True,14,PROCESS
COTIZACIONES_DORALEX_SRL_bb53.xlsx,Cotizacion (61).......,VISIBLE,37,8,QUOTATION,True,17,PROCESS
COTIZACIONES_DORALEX_SRL_bb53.xlsx,Cotizacion (50),VISIBLE,36,8,QUOTATION,True,14,PROCESS
COTIZACIONES_DORALEX_SRL_bb53.xlsx,Hoja3,VISIBLE,0,0,EMPTY,False,,EMPTY
COTIZACIONES_DORALEX_SRL_bb53.xlsx,Cotizacion (62),VISIBLE,15,8,QUOTATION,True,14,PROCESS
COTIZACIONES_DORALEX_SRL_bb53.xlsx,Cotizacion (63),VISIBLE,16,8,QUOTATION,True,17,PROCESS
COTIZACIONES_DORALEX_SRL_bb53.xlsx,Cotizacion (64),VISIBLE,18,8,QUOTATION,True,14,PROCESS
COTIZACIONES_DORALEX_SRL_bb53.xlsx,Cotizacion (65),VISIBLE,17,8,QUOTATION,True,17,PROCESS
COTIZACIONES_DORALEX_SRL_bb53.xlsx,Cotizacion (66),VISIBLE,8,8,QUOTATION,True,14,PROCESS
COTIZACIONES_DORALEX_SRL_bb53.xlsx,Cotizacion (67),VISIBLE,20,8,QUOTATION,True,17,PROCESS
COTIZACIONES_DORALEX_SRL_bb53.xlsx,Cotizacion (68),VISIBLE,69,8,QUOTATION,True,13,PROCESS
COTIZACIONES_DORALEX_SRL_bb53.xlsx,Cotizacion (69),VISIBLE,17,8,QUOTATION,True,17,PROCESS
COTIZACIONES_DORALEX_SRL_bb53.xlsx,Cotizacion (70),VISIBLE,19,8,QUOTATION,True,17,PROCESS
COTIZACIONES_DORALEX_SRL_bb53.xlsx,Cotizacion (71),VISIBLE,14,8,QUOTATION,True,16,PROCESS
COTIZACIONES_DORALEX_SRL_bb53.xlsx,Cotizacion (72),VISIBLE,14,8,QUOTATION,True,16,PROCESS
COTIZACIONES_DORALEX_SRL_bb53.xlsx,Cotizacion (73),VISIBLE,21,16384,QUOTATION,True,17,PROCESS
COTIZACIONES_DORALEX_SRL_bb53.xlsx,Cotizacion (74),VISIBLE,45,8,QUOTATION,True,14,PROCESS
COTIZACIONES_DORALEX_SRL_bb53.xlsx,Cotizacion (76),VISIBLE,21,8,QUOTATION,True,16,PROCESS
COTIZACIONES_DORALEX_SRL_bb53.xlsx,Cotizacion (75),VISIBLE,18,8,QUOTATION,True,17,PROCESS
COTIZACIONES_DORALEX_SRL_bb53.xlsx,Cotizacion (77),VISIBLE,21,8,QUOTATION,True,17,PROCESS
COTIZACIONES_DORALEX_SRL_bb53.xlsx,Cotizacion (61),VISIBLE,16,8,QUOTATION,True,14,PROCESS
COTIZACIONES_DORALEX_SRL_bb53.xlsx,Cotizacion (78),VISIBLE,21,8,QUOTATION,True,17,PROCESS
COTIZACIONES_DORALEX_SRL_bb53.xlsx,Cotizacion (79),VISIBLE,27,16384,QUOTATION,True,17,PROCESS
COTIZACIONES_DORALEX_SRL_bb53.xlsx,Cotizacion (80),VISIBLE,22,8,QUOTATION,True,17,PROCESS
COTIZACIONES_DORALEX_SRL_bb53.xlsx,Cotizacion (81),VISIBLE,18,8,QUOTATION,True,17,PROCESS
COTIZACIONES_DORALEX_SRL_bb53.xlsx,Cotizacion (82),VISIBLE,17,8,QUOTATION,True,17,PROCESS
COTIZACIONES_DORALEX_SRL_bb53.xlsx,Cotizacion (83),VISIBLE,27,16384,QUOTATION,True,17,PROCESS
COTIZACIONES_DORALEX_SRL_bb53.xlsx,Cotizacion (84),VISIBLE,37,8,QUOTATION,True,17,PROCESS
COTIZACIONES_DORALEX_SRL_bb53.xlsx,Cotizacion (85),VISIBLE,17,8,QUOTATION,True,17,PROCESS
COTIZACIONES_DORALEX_SRL_bb53.xlsx,Cotizacion (87),VISIBLE,27,8,QUOTATION,True,17,PROCESS
COTIZACIONES_DORALEX_SRL_bb53.xlsx,Cotizacion (86),VISIBLE,40,8,QUOTATION,True,17,PROCESS
COTIZACIONES_DORALEX_SRL_bb53.xlsx,Cotizacion (88),VISIBLE,17,8,QUOTATION,True,14,PROCESS
COTIZACIONES_DORALEX_SRL_bb53.xlsx,Cotizacion (89),VISIBLE,14,8,QUOTATION,True,16,PROCESS
COTIZACIONES_DORALEX_SRL_bb53.xlsx,Cotizacion (90),VISIBLE,14,8,QUOTATION,True,16,PROCESS
COTIZACIONES_DORALEX_SRL_bb53.xlsx,Cotizacion (91),VISIBLE,14,8,QUOTATION,True,16,PROCESS
COTIZACIONES_DORALEX_SRL_bb53.xlsx,Cotizacion (92),VISIBLE,16,8,QUOTATION,True,14,PROCESS
COTIZACIONES_DORALEX_SRL_bb53.xlsx,Cotizacion (94),VISIBLE,16,8,QUOTATION,True,14,PROCESS
COTIZACIONES_DORALEX_SRL_bb53.xlsx,Cotizacion (93),VISIBLE,40,8,QUOTATION,True,17,PROCESS
COTIZACIONES_DORALEX_SRL_bb53.xlsx,Cotizacion (95),VISIBLE,22,8,QUOTATION,True,14,PROCESS
COTIZACIONES_DORALEX_SRL_bb53.xlsx,CALCULO ASDE (3),VISIBLE,6,15,UNKNOWN,True,,PROCESS
COTIZACIONES_DORALEX_SRL_bb53.xlsx,Cotizacion (96),VISIBLE,17,8,QUOTATION,True,17,PROCESS
COTIZACIONES_DORALEX_SRL_bb53.xlsx,CALCULO ASDE (4),VISIBLE,16,18,UNKNOWN,True,,PROCESS
COTIZACIONES_DORALEX_SRL_bb53.xlsx,CALCULO ASDE (2),VISIBLE,16,18,UNKNOWN,True,,PROCESS
COTIZACIONES_DORALEX_SRL_bb53.xlsx,Cotizacion (97),VISIBLE,15,8,QUOTATION,True,17,PROCESS
COTIZACIONES_DORALEX_SRL_bb53.xlsx,Cotizacion (98),VISIBLE,15,8,QUOTATION,True,16,PROCESS
COTIZACIONES_DORALEX_SRL_bb53.xlsx,Cotizacion (99),VISIBLE,14,8,QUOTATION,True,16,PROCESS
COTIZACIONES_DORALEX_SRL_bb53.xlsx,Cotizacion (100),VISIBLE,28,8,QUOTATION,True,16,PROCESS
COTIZACIONES_DORALEX_f72a.xlsx,Cotizacion,VISIBLE,51,9,QUOTATION,True,13,PROCESS
COTIZACIONES_DORALEX_f72a.xlsx,Hoja1,VISIBLE,83,4,PRODUCT_LIST,True,1,PROCESS
COTIZACIONES_DORALEX_f72a.xlsx,Analisis de Costo.,VISIBLE,13,9,COST_ANALYSIS,True,7,PROCESS
COTIZACIONES_DORALEX_f72a.xlsx,Hoja2,VISIBLE,44,8,UNKNOWN,True,,PROCESS
COTIZACIONES_DORALEX_f72a.xlsx,Cotizacion (2),VISIBLE,21,9,QUOTATION,True,13,PROCESS
COTIZACIONES_DORALEX_f72a.xlsx,Cotizacion (3),VISIBLE,15,9,QUOTATION,True,13,PROCESS
COTIZACIONES_DORALEX_f72a.xlsx,Cotizacion (4),VISIBLE,25,9,QUOTATION,True,13,PROCESS
COTIZACIONES_DORALEX_f72a.xlsx,Cotizacion (5),VISIBLE,15,9,QUOTATION,True,13,PROCESS
COTIZACIONES_DORALEX_f72a.xlsx,Cotizacion (6),VISIBLE,18,10,QUOTATION,True,13,PROCESS
COTIZACIONES_DORALEX_f72a.xlsx,Cotizacion (7),VISIBLE,16,9,QUOTATION,True,13,PROCESS
COTIZACIONES_DORALEX_f72a.xlsx,Cotizacion (8),VISIBLE,29,9,QUOTATION,True,13,PROCESS
COTIZACIONES_DORALEX_f72a.xlsx,Cotizacion (9),VISIBLE,18,9,QUOTATION,True,13,PROCESS
COTIZACIONES_DORALEX_f72a.xlsx,Cotizacion (10),VISIBLE,12,9,QUOTATION,True,13,PROCESS
COTIZACIONES_DORALEX_f72a.xlsx,Cotizacion (11),VISIBLE,58,8,QUOTATION,True,13,PROCESS
COTIZACIONES_DORALEX_f72a.xlsx,Cotizacion (12),VISIBLE,12,9,QUOTATION,True,13,PROCESS
COTIZACIONES_DORALEX_f72a.xlsx,Cotizacion (13),VISIBLE,17,9,QUOTATION,True,13,PROCESS
COTIZACIONES_DORALEX_f72a.xlsx,Cotizacion (14),VISIBLE,10,9,QUOTATION,True,13,PROCESS
COTIZACIONES_DORALEX_f72a.xlsx,Cotizacion (15),VISIBLE,16,9,QUOTATION,True,13,PROCESS
COTIZACIONES_DORALEX_f72a.xlsx,Cotizacion (16),VISIBLE,13,9,QUOTATION,True,13,PROCESS
COTIZACIONES_DORALEX_f72a.xlsx,Cotizacion (17),VISIBLE,20,9,QUOTATION,True,13,PROCESS
COTIZACIONES_DORALEX_f72a.xlsx,Cotizacion (18),VISIBLE,16,9,QUOTATION,True,14,PROCESS
COTIZACIONES_DORALEX_f72a.xlsx,Cotizacion (19),VISIBLE,13,9,QUOTATION,True,14,PROCESS
COTIZACIONES_DORALEX_f72a.xlsx,Cotizacion (20),VISIBLE,26,9,QUOTATION,True,14,PROCESS
COTIZACIONES_DORALEX_f72a.xlsx,Cotizacion (21),VISIBLE,15,9,QUOTATION,True,14,PROCESS
COTIZACIONES_DORALEX_f72a.xlsx,Cotizacion (22),VISIBLE,49,10,QUOTATION,True,13,PROCESS
COTIZACIONES_DORALEX_f72a.xlsx,Cotizacion (23),VISIBLE,13,9,QUOTATION,True,13,PROCESS
COTIZACIONES_DORALEX_f72a.xlsx,Cotizacion (24),VISIBLE,15,9,QUOTATION,True,17,PROCESS
COTIZACIONES_DORALEX_f72a.xlsx,Cotizacion (25),VISIBLE,15,9,QUOTATION,True,17,PROCESS
COTIZACIONES_DORALEX_f72a.xlsx,Cotizacion (26),VISIBLE,13,9,QUOTATION,True,13,PROCESS
COTIZACIONES_DORALEX_f72a.xlsx,Cotizacion (27),VISIBLE,14,9,QUOTATION,True,13,PROCESS
COTIZACIONES_DORALEX_f72a.xlsx,Cotizacion (28),VISIBLE,16,9,QUOTATION,True,13,PROCESS
COTIZACIONES_DORALEX_f72a.xlsx,Cotizacion (29),VISIBLE,19,9,QUOTATION,True,13,PROCESS
COTIZACIONES_DORALEX_f72a.xlsx,Cotizacion (30),VISIBLE,35,9,QUOTATION,True,13,PROCESS
COTIZACIONES_DORALEX_f72a.xlsx,Cotizacion (31),VISIBLE,13,9,QUOTATION,True,13,PROCESS
COTIZACIONES_DORALEX_f72a.xlsx,MANTENIMIENTO VEHICULOS,VISIBLE,40,10,QUOTATION,True,,PROCESS
COTIZACIONES_DORALEX_f72a.xlsx,LIGA MUNICIPAL,VISIBLE,23,8,QUOTATION,True,13,PROCESS
COTIZACIONES_DORALEX_f72a.xlsx,LIGA MUNICIPAL 2,VISIBLE,15,9,QUOTATION,True,13,PROCESS
COTIZACIONES_DORALEX_f72a.xlsx,LIGA MUNICIPAL 2 (2),VISIBLE,22,9,QUOTATION,True,13,PROCESS
COTIZACIONES_DORALEX_f72a.xlsx,LIGA MUNICIPAL 2 (3),VISIBLE,34,9,QUOTATION,True,13,PROCESS
COTIZACIONES_DORALEX_f72a.xlsx,LIGA MUNICIPAL 2 (4),VISIBLE,22,9,QUOTATION,True,13,PROCESS
COTIZACIONES_DORALEX_f72a.xlsx,LIGA MUNICIPAL 2 (5),VISIBLE,22,9,QUOTATION,True,13,PROCESS
COTIZACIONES_DORALEX_f72a.xlsx,LIGA MUNICIPAL 2 (6),VISIBLE,17,9,QUOTATION,True,13,PROCESS
COTIZACIONES_DORALEX_f72a.xlsx,LIGA MUNICIPAL 2 (7),VISIBLE,23,9,QUOTATION,True,13,PROCESS
COTIZACIONES_DORALEX_f72a.xlsx,LIGA MUNICIPAL 2 (8),VISIBLE,17,9,QUOTATION,True,13,PROCESS
COTIZACIONES_DORALEX_f72a.xlsx,MARCELINO VELEZ,VISIBLE,35,9,QUOTATION,True,13,PROCESS
COTIZACIONES_DORALEX_f72a.xlsx,LIGA MUNICIPAL 2 (9),VISIBLE,13,10,QUOTATION,True,13,PROCESS
COTIZACIONES_DORALEX_f72a.xlsx,MARCELINO VELEZ (2),VISIBLE,35,9,QUOTATION,True,13,PROCESS
COTIZACIONES_DORALEX_f72a.xlsx,DESARROLLO FRONTERIZO,VISIBLE,16,10,QUOTATION,True,13,PROCESS
COTIZACIONES_DORALEX_f72a.xlsx,DESARROLLO FRONTERIZO (2),VISIBLE,18,10,QUOTATION,True,19,PROCESS
COTIZACIONES_DORALEX_f72a.xlsx,LIGA MUNICIPAL 2 (10),VISIBLE,21,9,QUOTATION,True,13,PROCESS
COTIZACIONES_DORALEX_f72a.xlsx,Hoja3,VISIBLE,0,0,EMPTY,False,,EMPTY
COTIZACIONES_DORALEX_f72a.xlsx,MARCELINO VELEZ (3),VISIBLE,45,9,QUOTATION,True,13,PROCESS
COTIZACIONES__DOMINION_BUSINESS_18aa.xlsx,COTIZACION HOSPITAL MATERNO CON,VISIBLE,15,28,QUOTATION,True,15,PROCESS
COTIZACIONES__DOMINION_BUSINESS_18aa.xlsx,COTIZACION HOSPITAL MATERNO C-1,VISIBLE,15,28,QUOTATION,True,15,PROCESS
COTIZACIONES__DOMINION_BUSINESS_18aa.xlsx,COTIZACION HOSPITAL MATERNO C-2,VISIBLE,15,28,QUOTATION,True,15,PROCESS
COTIZACIONES__DOMINION_BUSINESS_18aa.xlsx,COTIZACION HOSPITAL MATERNO C-3,VISIBLE,15,28,QUOTATION,True,15,PROCESS
COTIZACIONES__DOMINION_BUSINESS_18aa.xlsx,COTIZACION HOSPITAL MATERNO C-4,VISIBLE,11,28,QUOTATION,True,15,PROCESS
COTIZACIONES__DOMINION_BUSINESS_18aa.xlsx,COTIZACION HOSPITAL MATERNO C-5,VISIBLE,15,28,QUOTATION,True,15,PROCESS
COTIZACIONES__DOMINION_BUSINESS_18aa.xlsx,FACTURA JULIO HOSPITAL MATERNO,VISIBLE,26,28,INVOICE,True,15,PROCESS
COTIZACIONES__DOMINION_BUSINESS_18aa.xlsx,COTIZACION 1 NOV 2022,VISIBLE,20,8,QUOTATION,True,14,PROCESS
COTIZACIONES__DOMINION_BUSINESS_18aa.xlsx,COTIZACION 2 NOV 2022,VISIBLE,17,8,QUOTATION,True,14,PROCESS
COTIZACIONES__DOMINION_BUSINESS_18aa.xlsx,COTIZACION 3 NOV 2022,VISIBLE,17,8,QUOTATION,True,14,PROCESS
COTIZACIONES__DOMINION_BUSINESS_18aa.xlsx,COTIZACION 4 NOV 2022,VISIBLE,20,8,QUOTATION,True,14,PROCESS
COTIZACIONES__DOMINION_BUSINESS_18aa.xlsx,COTIZACION 5 NOV 2022,VISIBLE,21,8,QUOTATION,True,14,PROCESS
COTIZACIONES__DOMINION_BUSINESS_18aa.xlsx,COTIZACION 1 MARZO 2023,VISIBLE,18,8,QUOTATION,True,14,PROCESS
COTIZACIONES__DOMINION_BUSINESS_18aa.xlsx,COTIZACION 2 MARZO 2023 ,VISIBLE,18,8,QUOTATION,True,14,PROCESS
COTIZACIONES__DOMINION_BUSINESS_18aa.xlsx,COTIZACION 3 MARZO 2023  ,VISIBLE,18,8,QUOTATION,True,14,PROCESS
COTIZACIONES__DOMINION_BUSINESS_18aa.xlsx,BACILIO CARNES  (2),VISIBLE,21,8,QUOTATION,True,14,PROCESS
COTIZACIONES__DOMINION_BUSINESS_18aa.xlsx,BACILIO CARNES ,VISIBLE,27,8,QUOTATION,True,14,PROCESS
COTIZACIONES__DOMINION_BUSINESS_18aa.xlsx,BACILIO CARNES  (3),VISIBLE,22,8,QUOTATION,True,14,PROCESS
COTIZACIONES__DOMINION_BUSINESS_18aa.xlsx,BACILIO CARNES  (4),VISIBLE,25,8,QUOTATION,True,14,PROCESS
COTIZACIONES__DOMINION_BUSINESS_18aa.xlsx,BACILIO CARNES  (5),VISIBLE,27,8,QUOTATION,True,14,PROCESS
COTIZACIONES__DOMINION_BUSINESS_18aa.xlsx,BACILIO CARNES  (6),VISIBLE,22,8,QUOTATION,True,14,PROCESS
COTIZACIONES__DOMINION_BUSINESS_18aa.xlsx,COMPLEMENTARIA DESCHABLE,VISIBLE,27,8,QUOTATION,True,14,PROCESS
COTIZACIONES__DOMINION_BUSINESS_18aa.xlsx, CAICJB,VISIBLE,22,8,QUOTATION,True,14,PROCESS
COTIZACIONES__DOMINION_BUSINESS_18aa.xlsx,DESECHABLE,VISIBLE,23,8,QUOTATION,True,14,PROCESS
COTIZACIONES__DOMINION_BUSINESS_18aa.xlsx,CARNES HCJB,VISIBLE,20,7,QUOTATION,True,14,PROCESS
COTIZACIONES__DOMINION_BUSINESS_18aa.xlsx,CARNES POLLO HCJB (2),VISIBLE,18,7,QUOTATION,True,14,PROCESS
COTIZACIONES__DOMINION_BUSINESS_18aa.xlsx,VIVERES,VISIBLE,28,8,QUOTATION,True,14,PROCESS
COTIZACIONES__DOMINION_BUSINESS_18aa.xlsx,PROGRAMACION,VISIBLE,28,7,DELIVERY,True,14,PROCESS
COTIZACIONES__DOMINION_BUSINESS_18aa.xlsx,VEGETALES ,VISIBLE,36,8,QUOTATION,True,14,PROCESS
COTIZACIONES__DOMINION_BUSINESS_18aa.xlsx,PROGRAMACION ,VISIBLE,36,7,DELIVERY,True,14,PROCESS
COTIZACIONES__DOMINION_BUSINESS_18aa.xlsx,DESECHABLE (2),VISIBLE,33,8,QUOTATION,True,14,PROCESS
COTIZACIONES__DOMINION_BUSINESS_18aa.xlsx,VEGETALES  (2),VISIBLE,37,8,QUOTATION,True,14,PROCESS
COTIZACIONES__DOMINION_BUSINESS_18aa.xlsx,VIVERES (2),VISIBLE,29,8,QUOTATION,True,14,PROCESS
COTIZACIONES__DOMINION_BUSINESS_18aa.xlsx,CARNES HCJB (2),VISIBLE,21,7,QUOTATION,True,14,PROCESS
COTIZACIONES__DOMINION_BUSINESS_18aa.xlsx,CARNES HCJB (3),VISIBLE,20,8,QUOTATION,True,14,PROCESS
COTIZACIONES__DOMINION_BUSINESS_18aa.xlsx,DESECHABLE (3),VISIBLE,23,8,QUOTATION,True,14,PROCESS
COTIZACIONES__DOMINION_BUSINESS_18aa.xlsx,PROGRAMACION (2),VISIBLE,19,7,DELIVERY,True,14,PROCESS
COTIZACIONES__DOMINION_BUSINESS_18aa.xlsx,CARNES HCJB (4),VISIBLE,22,8,QUOTATION,True,14,PROCESS
COTIZACIONES__DOMINION_BUSINESS_18aa.xlsx,CARNES CAICJB,VISIBLE,18,8,QUOTATION,True,14,PROCESS
COTIZACIONES__DOMINION_BUSINESS_18aa.xlsx,CARNES HCJB (6),VISIBLE,20,7,QUOTATION,True,14,PROCESS
COTIZACIONES__DOMINION_BUSINESS_18aa.xlsx,DESECHABLE (4),VISIBLE,25,8,QUOTATION,True,14,PROCESS
COTIZACIONES__DOMINION_BUSINESS_18aa.xlsx,VEGETALES  (3),VISIBLE,37,8,QUOTATION,True,14,PROCESS
COTIZACIONES__DOMINION_BUSINESS_18aa.xlsx,VIVERES (3),VISIBLE,28,8,QUOTATION,True,14,PROCESS
COTIZACIONES__DOMINION_BUSINESS_18aa.xlsx,CARNES HCJB (7),VISIBLE,19,7,QUOTATION,True,14,PROCESS
COTIZACIONES__DOMINION_BUSINESS_18aa.xlsx,CARNES HCJB (8),VISIBLE,21,7,QUOTATION,True,14,PROCESS
COTIZACIONES__DOMINION_BUSINESS_18aa.xlsx,CARNES HCJB (9),VISIBLE,18,7,QUOTATION,True,14,PROCESS
COTIZACIONES__DOMINION_BUSINESS_18aa.xlsx,VIVERES (4),VISIBLE,28,8,QUOTATION,True,14,PROCESS
COTIZACIONES__DOMINION_BUSINESS_18aa.xlsx,VEGETALES  (4),VISIBLE,38,8,QUOTATION,True,14,PROCESS
COTIZACIONES__DOMINION_BUSINESS_18aa.xlsx,CARNES HCJB (10),VISIBLE,19,7,QUOTATION,True,14,PROCESS
COTIZACIONES__DOMINION_BUSINESS_18aa.xlsx,CARNES HCJB (11),VISIBLE,21,7,QUOTATION,True,14,PROCESS
COTIZACIONES__DOMINION_BUSINESS_18aa.xlsx,DESECHABLE (5),VISIBLE,24,8,QUOTATION,True,14,PROCESS
COTIZACIONES__DOMINION_BUSINESS_18aa.xlsx,DESECHABLE (6),VISIBLE,28,8,QUOTATION,True,14,PROCESS
COTIZACIONES__DOMINION_BUSINESS_18aa.xlsx,CAFETERA,VISIBLE,18,8,QUOTATION,True,14,PROCESS
COTIZACIONES__DOMINION_BUSINESS_18aa.xlsx,DESECHABLE (8),VISIBLE,27,8,QUOTATION,True,14,PROCESS
COTIZACIONES__DOMINION_BUSINESS_18aa.xlsx,VEGETALES  (5),VISIBLE,38,8,QUOTATION,True,14,PROCESS
COTIZACIONES__DOMINION_BUSINESS_18aa.xlsx,VIVERES (5),VISIBLE,29,8,QUOTATION,True,14,PROCESS
COTIZACIONES__DOMINION_BUSINESS_18aa.xlsx,CARNES HCJB (12),VISIBLE,21,7,QUOTATION,True,14,PROCESS
COTIZACIONES__DOMINION_BUSINESS_18aa.xlsx,CARNES HCJB (13),VISIBLE,20,7,QUOTATION,True,14,PROCESS
COTIZACIONES__DOMINION_BUSINESS_18aa.xlsx,CARNES HCJB (14),VISIBLE,24,7,QUOTATION,True,14,PROCESS
COTIZACIONES__DOMINION_BUSINESS_18aa.xlsx,CARNES HCJB (15),VISIBLE,21,7,QUOTATION,True,14,PROCESS
COTIZACIONES__DOMINION_BUSINESS_18aa.xlsx,CARNES HCJB (16),VISIBLE,20,7,QUOTATION,True,14,PROCESS
COTIZACIONES__DOMINION_BUSINESS_18aa.xlsx,VIVERES (6),VISIBLE,29,8,QUOTATION,True,14,PROCESS
COTIZACIONES__DOMINION_BUSINESS_18aa.xlsx,VEGETALES  (6),VISIBLE,37,8,QUOTATION,True,14,PROCESS
COTIZACIONES__DOMINION_BUSINESS_18aa.xlsx,DESECHABLE (7),VISIBLE,29,8,QUOTATION,True,14,PROCESS
COTIZACIONES__DOMINION_BUSINESS_18aa.xlsx,COCINA,VISIBLE,61,8,QUOTATION,True,15,PROCESS
COTIZACIONES__DOMINION_BUSINESS_18aa.xlsx,CARNES HCJB (17),VISIBLE,20,7,QUOTATION,True,14,PROCESS
COTIZACIONES__DOMINION_BUSINESS_18aa.xlsx,CARNES HCJB (18),VISIBLE,23,7,QUOTATION,True,14,PROCESS
COTIZACIONES__DOMINION_BUSINESS_18aa.xlsx,DESECHABLE (9),VISIBLE,25,8,QUOTATION,True,14,PROCESS
COTIZACIONES__DOMINION_BUSINESS_18aa.xlsx,VIVERES (7),VISIBLE,25,8,QUOTATION,True,14,PROCESS
COTIZACIONES__DOMINION_BUSINESS_18aa.xlsx,VEGETALES  (7),VISIBLE,38,8,QUOTATION,True,14,PROCESS
COTIZACIONES__DOMINION_BUSINESS_18aa.xlsx,CARNES HCJB (19),VISIBLE,19,7,QUOTATION,True,14,PROCESS
COTIZACIONES__DOMINION_BUSINESS_18aa.xlsx,MEDICINA),VISIBLE,30,8,QUOTATION,True,15,PROCESS
COTIZACIONES__DOMINION_BUSINESS_18aa.xlsx,EMBUSTIDO,VISIBLE,21,8,QUOTATION,True,14,PROCESS
COTIZACIONES__DOMINION_BUSINESS_18aa.xlsx,CARNES CERDO,VISIBLE,20,7,QUOTATION,True,14,PROCESS
COTIZACIONES__DOMINION_BUSINESS_18aa.xlsx,CARNE PLLO,VISIBLE,18,7,QUOTATION,True,14,PROCESS
COTIZACIONES__DOMINION_BUSINESS_18aa.xlsx,CARNES ,VISIBLE,24,7,QUOTATION,True,14,PROCESS
COTIZACIONES__DOMINION_BUSINESS_18aa.xlsx,SILLA,VISIBLE,18,7,QUOTATION,True,14,PROCESS
COTIZACIONES__DOMINION_BUSINESS_18aa.xlsx,VIVERES (8),VISIBLE,24,8,QUOTATION,True,14,PROCESS
COTIZACIONES__DOMINION_BUSINESS_18aa.xlsx,EMBUSTIDO (2),VISIBLE,21,8,QUOTATION,True,14,PROCESS
COTIZACIONES__DOMINION_BUSINESS_18aa.xlsx,DESECHABLE (10),VISIBLE,27,8,QUOTATION,True,14,PROCESS
COTIZACIONES__DOMINION_BUSINESS_18aa.xlsx,VEGETALES  (8),VISIBLE,38,8,QUOTATION,True,14,PROCESS
COTIZACIONES__DOMINION_BUSINESS_18aa.xlsx,CARNE PLLO (2),VISIBLE,19,7,QUOTATION,True,14,PROCESS
COTIZACIONES__DOMINION_BUSINESS_18aa.xlsx,CARNES HCJB (20),VISIBLE,22,7,QUOTATION,True,14,PROCESS
COTIZACIONES__DOMINION_BUSINESS_18aa.xlsx,CONTENEDOR,VISIBLE,18,7,QUOTATION,True,14,PROCESS
COTIZACIONES__DOMINION_BUSINESS_18aa.xlsx,SILLA (3),VISIBLE,18,7,QUOTATION,True,14,PROCESS
COTIZACIONES__DOMINION_BUSINESS_18aa.xlsx,OFICINA,VISIBLE,29,7,QUOTATION,True,14,PROCESS
COTIZACIONES__DOMINION_BUSINESS_18aa.xlsx,CARNES  (2),VISIBLE,25,7,QUOTATION,True,14,PROCESS
COTIZACIONES__DOMINION_BUSINESS_18aa.xlsx,CARNES HCJB (21),VISIBLE,22,7,QUOTATION,True,14,PROCESS
COTIZACIONES__DOMINION_BUSINESS_18aa.xlsx,CARNE PLLO (3),VISIBLE,21,7,QUOTATION,True,14,PROCESS
COTIZACIONES__DOMINION_BUSINESS_18aa.xlsx,VEGETALES  (9),VISIBLE,38,8,QUOTATION,True,14,PROCESS
COTIZACIONES__DOMINION_BUSINESS_18aa.xlsx,VIVERES (9),VISIBLE,24,8,QUOTATION,True,14,PROCESS
COTIZACIONES__DOMINION_BUSINESS_18aa.xlsx,EMBUSTIDO (3),VISIBLE,21,8,QUOTATION,True,14,PROCESS
COTIZACIONES__DOMINION_BUSINESS_18aa.xlsx,DESECHABLE (11),VISIBLE,28,8,QUOTATION,True,14,PROCESS
COTIZACIONES__DOMINION_BUSINESS_18aa.xlsx,CARNES  (3),VISIBLE,24,7,QUOTATION,True,14,PROCESS
COTIZACIONES__DOMINION_BUSINESS_18aa.xlsx,VEGETALES  (10),VISIBLE,38,8,QUOTATION,True,14,PROCESS
COTIZACIONES__DOMINION_BUSINESS_18aa.xlsx,Hoja1,VISIBLE,28,7,UNKNOWN,False,,PROCESS
COTIZACIONES__DOMINION_BUSINESS_18aa.xlsx,DESECHABLE (12),VISIBLE,25,8,QUOTATION,True,14,PROCESS
COTIZACIONES__DOMINION_BUSINESS_18aa.xlsx,VIVERES (10),VISIBLE,24,8,QUOTATION,True,14,PROCESS
COTIZACIONES__DOMINION_BUSINESS_18aa.xlsx,EMBUSTIDO (4),VISIBLE,21,8,QUOTATION,True,14,PROCESS
COTIZACIONES__DOMINION_BUSINESS_18aa.xlsx,CARNE PLLO (5),VISIBLE,20,7,QUOTATION,True,14,PROCESS
COTIZACIONES__DOMINION_BUSINESS_18aa.xlsx,CARNES HCJB (22),VISIBLE,22,7,QUOTATION,True,14,PROCESS
COTIZACIONES__DOMINION_BUSINESS_18aa.xlsx,CARNES  (4),VISIBLE,19,7,QUOTATION,True,14,PROCESS
COTIZACIONES__DOMINION_BUSINESS_18aa.xlsx,CANASTILLAS,VISIBLE,18,7,QUOTATION,True,14,PROCESS
COTIZACIONES__DOMINION_BUSINESS_18aa.xlsx,CARNES  (6),VISIBLE,23,7,QUOTATION,True,14,PROCESS
COTIZACIONES__DOMINION_BUSINESS_18aa.xlsx,CARNES HCJB (23),VISIBLE,21,7,QUOTATION,True,14,PROCESS
COTIZACIONES__DOMINION_BUSINESS_18aa.xlsx,CARNE PLLO (6),VISIBLE,20,7,QUOTATION,True,14,PROCESS
COTIZACIONES__DOMINION_BUSINESS_18aa.xlsx,CARNE PLLO (7),VISIBLE,22,7,QUOTATION,True,14,PROCESS
COTIZACIONES__DOMINION_BUSINESS_18aa.xlsx,VIVERES (11),VISIBLE,30,8,QUOTATION,True,14,PROCESS
COTIZACIONES__DOMINION_BUSINESS_18aa.xlsx,EMBUSTIDO (5),VISIBLE,25,8,QUOTATION,True,14,PROCESS
COTIZACIONES__DOMINION_BUSINESS_18aa.xlsx,VIVERES (12),VISIBLE,22,8,QUOTATION,True,14,PROCESS
COTIZACIONES__DOMINION_BUSINESS_18aa.xlsx,CARNE PLLO (8),VISIBLE,22,7,QUOTATION,True,14,PROCESS
COTIZACIONES__DOMINION_BUSINESS_18aa.xlsx,CARNES  (7),VISIBLE,24,7,QUOTATION,True,14,PROCESS
COTIZACIONES__DOMINION_BUSINESS_18aa.xlsx,CANASTILLAS (2),VISIBLE,18,10,QUOTATION,True,14,PROCESS
COTIZACIONES__DOMINION_BUSINESS_18aa.xlsx,CANASTILLAS (3),VISIBLE,18,10,QUOTATION,True,14,PROCESS
COTIZACIONES__DOMINION_BUSINESS_18aa.xlsx,CARNES  (8),VISIBLE,24,7,QUOTATION,True,14,PROCESS
COTIZACIONES__DOMINION_BUSINESS_18aa.xlsx,CANASTILLAS (4),VISIBLE,18,10,QUOTATION,True,14,PROCESS
COTIZACIONES__DOMINION_BUSINESS_18aa.xlsx,CARNES CEAASNA ,VISIBLE,27,7,QUOTATION,True,14,PROCESS
COTIZACIONES__DOMINION_BUSINESS_18aa.xlsx,DESPENSA (2),VISIBLE,49,8,QUOTATION,True,14,PROCESS
COTIZACIONES__DOMINION_BUSINESS_18aa.xlsx,DESPENSA (3),VISIBLE,49,8,QUOTATION,True,14,PROCESS
COTIZACIONES__DOMINION_BUSINESS_18aa.xlsx,DESPENSA PROPEEP,VISIBLE,24,7,QUOTATION,True,14,PROCESS
COTIZACIONES__DOMINION_BUSINESS_18aa.xlsx,CARNES  (9),VISIBLE,25,7,QUOTATION,True,14,PROCESS
COTIZACIONES__DOMINION_BUSINESS_18aa.xlsx,UTENCILIOS DE COCINA,VISIBLE,27,7,QUOTATION,True,14,PROCESS
COTIZACIONES__DOMINION_BUSINESS_18aa.xlsx,UTENCILIOS DE COCINA (2),VISIBLE,40,7,QUOTATION,True,14,PROCESS
COTIZACIONES__DOMINION_BUSINESS_18aa.xlsx,CARNES  (10),VISIBLE,23,7,QUOTATION,True,14,PROCESS
COTIZACIONES__DOMINION_BUSINESS_18aa.xlsx,CARNE PLLO (9),VISIBLE,24,7,QUOTATION,True,14,PROCESS
COTIZACIONES__DOMINION_BUSINESS_18aa.xlsx,CARNE PLLO (10),VISIBLE,23,7,QUOTATION,True,14,PROCESS
COTIZACIONES__DOMINION_BUSINESS_18aa.xlsx,DESPENSA PROPEEP (2),VISIBLE,18,7,QUOTATION,True,14,PROCESS
COTIZACIONES__DOMINION_BUSINESS_18aa.xlsx,CARNES  (11),VISIBLE,23,7,QUOTATION,True,14,PROCESS
COTIZACIONES__DOMINION_BUSINESS_18aa.xlsx,CARNE PLLO (11),VISIBLE,23,7,QUOTATION,True,14,PROCESS
COTIZACIONES__DOMINION_BUSINESS_18aa.xlsx,CARNE PLLO (12),VISIBLE,21,7,QUOTATION,True,14,PROCESS
COTIZACIONES__DOMINION_BUSINESS_18aa.xlsx,CARNES CEAASNA  (2),VISIBLE,27,7,QUOTATION,True,14,PROCESS
COTIZACIONES__DOMINION_BUSINESS_18aa.xlsx,DESPENSA (4),VISIBLE,53,9,QUOTATION,True,14,PROCESS
COTIZACIONES__DOMINION_BUSINESS_18aa.xlsx,DESPENSA (5),VISIBLE,43,9,QUOTATION,True,14,PROCESS
COTIZACIONES__DOMINION_BUSINESS_18aa.xlsx,DESPENSA (6),VISIBLE,53,9,QUOTATION,True,14,PROCESS
COTIZACIONES__DOMINION_BUSINESS_18aa.xlsx,CARNES  (12),VISIBLE,24,7,QUOTATION,True,14,PROCESS
COTIZACIONES__DOMINION_BUSINESS_18aa.xlsx,CARNE PLLO (13),VISIBLE,23,7,QUOTATION,True,14,PROCESS
COTIZACIONES__DOMINION_BUSINESS_18aa.xlsx,CARNE PLLO (14),VISIBLE,18,7,QUOTATION,True,14,PROCESS
COTIZACIONES__DOMINION_BUSINESS_18aa.xlsx,CARNE PLLO (15),VISIBLE,18,7,QUOTATION,True,14,PROCESS
COTIZACIONES__DOMINION_BUSINESS_18aa.xlsx,CARNE PLLO (16),VISIBLE,22,7,QUOTATION,True,14,PROCESS
COTIZACIONES__DOMINION_BUSINESS_18aa.xlsx,CARNES  (13),VISIBLE,25,7,QUOTATION,True,14,PROCESS
COTIZACIONES__DOMINION_BUSINESS_18aa.xlsx,CARNE PLLO (17),VISIBLE,23,7,QUOTATION,True,14,PROCESS
COTIZACIONES__DOMINION_BUSINESS_18aa.xlsx,CARNES  (14),VISIBLE,17,7,QUOTATION,True,14,PROCESS
COTIZACIONES__DOMINION_BUSINESS_18aa.xlsx,CARNES  (15),VISIBLE,23,7,QUOTATION,True,14,PROCESS
COTIZACIONES__DOMINION_BUSINESS_18aa.xlsx,CARNES  (16),VISIBLE,23,7,QUOTATION,True,14,PROCESS
COTIZACIONES__DOMINION_BUSINESS_18aa.xlsx,CARNES  (17),VISIBLE,23,7,QUOTATION,True,14,PROCESS
COTIZACIONES__DOMINION_BUSINESS_18aa.xlsx,CARNES  (18),VISIBLE,23,7,QUOTATION,True,14,PROCESS
COTIZACIONES__DOMINION_BUSINESS_18aa.xlsx,CARNES  (19),VISIBLE,20,7,QUOTATION,True,14,PROCESS
COTIZACIONES__DOMINION_BUSINESS_18aa.xlsx,CARNES  (20),VISIBLE,23,7,QUOTATION,True,14,PROCESS
COTIZACIONES__DOMINION_BUSINESS_18aa.xlsx,CARNES  (21),VISIBLE,23,7,QUOTATION,True,14,PROCESS
COTIZACIONES__DOMINION_BUSINESS_18aa.xlsx,CARNES  (22),VISIBLE,23,7,QUOTATION,True,14,PROCESS
COTIZACIONES__DOMINION_BUSINESS_18aa.xlsx,CARNES  (23),VISIBLE,22,7,QUOTATION,True,14,PROCESS
COTIZACIONES__DOMINION_BUSINESS_18aa.xlsx,CARNES  (24),VISIBLE,30,7,QUOTATION,True,14,PROCESS
COTIZACIONES__DOMINION_BUSINESS_18aa.xlsx,CARNES  (25),VISIBLE,23,7,QUOTATION,True,14,PROCESS
COTIZACIONES__REMPART_GROUP_2_3578.xlsx,COTIZACION HOSPITAL MATERNO CON,VISIBLE,15,28,QUOTATION,True,15,PROCESS
COTIZACIONES__REMPART_GROUP_2_3578.xlsx,COTIZACION HOSPITAL MATERNO C-1,VISIBLE,15,28,QUOTATION,True,15,PROCESS
COTIZACIONES__REMPART_GROUP_2_3578.xlsx,COTIZACION HOSPITAL MATERNO C-2,VISIBLE,15,28,QUOTATION,True,15,PROCESS
COTIZACIONES__REMPART_GROUP_2_3578.xlsx,COTIZACION HOSPITAL MATERNO C-3,VISIBLE,15,28,QUOTATION,True,15,PROCESS
COTIZACIONES__REMPART_GROUP_2_3578.xlsx,COTIZACION HOSPITAL MATERNO C-4,VISIBLE,11,28,QUOTATION,True,15,PROCESS
COTIZACIONES__REMPART_GROUP_2_3578.xlsx,COTIZACION HOSPITAL MATERNO C-5,VISIBLE,15,28,QUOTATION,True,15,PROCESS
COTIZACIONES__REMPART_GROUP_2_3578.xlsx,FACTURA JULIO HOSPITAL MATERNO,VISIBLE,26,28,INVOICE,True,15,PROCESS
COTIZACIONES__REMPART_GROUP_2_3578.xlsx,COTIZACION 1 ,VISIBLE,29,8,QUOTATION,True,14,PROCESS
COTIZACIONES__REMPART_GROUP_2_3578.xlsx,COTIZACION 1  (2),VISIBLE,25,8,QUOTATION,True,14,PROCESS
COTIZACIONES__REMPART_GROUP_2_3578.xlsx,COTIZACION 1  (3),VISIBLE,23,8,QUOTATION,True,14,PROCESS
COTIZACIONES__REMPART_GROUP_2_3578.xlsx,COTIZACION 2,VISIBLE,32,8,QUOTATION,True,14,PROCESS
COTIZACIONES__REMPART_GROUP_2_3578.xlsx,COTIZACION 3,VISIBLE,35,8,QUOTATION,True,14,PROCESS
COTIZACIONES__REMPART_GROUP_2_3578.xlsx,CONDUCE 1 PINTURA,VISIBLE,18,6,DELIVERY,True,14,PROCESS
COTIZACIONES__REMPART_GROUP_2_3578.xlsx,CONDUCE 2 PINTURA ,VISIBLE,23,6,DELIVERY,True,14,PROCESS
COTIZACIONES__REMPART_GROUP_2_3578.xlsx,CONDUCE 3 PINTURA  ,VISIBLE,16,6,DELIVERY,True,14,PROCESS
COTIZACIONES__REMPART_GROUP_2_3578.xlsx,COTIZACION 4,VISIBLE,45,7,QUOTATION,True,14,PROCESS
COTIZACIONES__REMPART_GROUP_2_3578.xlsx,CONDUCE1 COTIZACION 4 ,VISIBLE,35,5,DELIVERY,True,14,PROCESS
COTIZACIONES__REMPART_GROUP_2_3578.xlsx,CONDUCE 2 COTIZACION 4  ,VISIBLE,18,5,DELIVERY,True,14,PROCESS
COTIZACIONES__REMPART_GROUP_2_3578.xlsx,COTIZACION 5,VISIBLE,26,7,QUOTATION,True,14,PROCESS
COTIZACIONES__REMPART_GROUP_2_3578.xlsx,FACTURA 1HMISLLM,VISIBLE,22,8,INVOICE,True,14,PROCESS
COTIZACIONES__REMPART_GROUP_2_3578.xlsx,FACTURA 2HMISLLM,VISIBLE,34,8,INVOICE,True,14,PROCESS
COTIZACIONES__REMPART_GROUP_2_3578.xlsx,FACTURA 3HMISLLM,VISIBLE,31,8,INVOICE,True,14,PROCESS
COTIZACIONES__REMPART_GROUP_2_3578.xlsx,FACTUR 4HMISLLM,VISIBLE,44,7,INVOICE,True,14,PROCESS
COTIZACIONES__REMPART_GROUP_2_3578.xlsx,COTI 1 CEMADOJA,VISIBLE,38,8,QUOTATION,True,14,PROCESS
COTIZACIONES__REMPART_GROUP_2_3578.xlsx,COT CHOCHE CRV,VISIBLE,19,8,QUOTATION,True,13,PROCESS
COTIZACIONES__REMPART_GROUP_2_3578.xlsx,COT1 DIGECOG,VISIBLE,22,8,QUOTATION,True,14,PROCESS
COTIZACIONES__REMPART_GROUP_2_3578.xlsx,COT DIGECOG 2,VISIBLE,38,8,QUOTATION,True,14,PROCESS
COTIZACIONES__REMPART_GROUP_2_3578.xlsx,COT DIGECOG 2 (2),VISIBLE,23,8,QUOTATION,True,14,PROCESS
COTIZACIONES__REMPART_GROUP_2_3578.xlsx,COT ASDE (56),VISIBLE,19,8,QUOTATION,True,14,PROCESS
COTIZACIONES__REMPART_GROUP_2_3578.xlsx,COT-ASDE1,VISIBLE,42,8,QUOTATION,True,14,PROCESS
COTIZACIONES__REMPART_GROUP_2_3578.xlsx,COT-ASDE2,VISIBLE,22,8,QUOTATION,True,14,PROCESS
COTIZACIONES__REMPART_GROUP_2_3578.xlsx,COT-ASDE3,VISIBLE,20,8,QUOTATION,True,14,PROCESS
COTIZACIONES__REMPART_GROUP_2_3578.xlsx,COT ASDE,VISIBLE,20,8,QUOTATION,True,15,PROCESS
COTIZACIONES__REMPART_GROUP_2_3578.xlsx,COT DIGECOG 2 (7),VISIBLE,18,8,QUOTATION,True,14,PROCESS
COTIZACIONES__REMPART_GROUP_2_3578.xlsx,COT DIGECOG 2 (8),VISIBLE,30,8,QUOTATION,True,15,PROCESS
COTIZACIONES__REMPART_GROUP_2_3578.xlsx,COT ASDE (2),VISIBLE,21,8,QUOTATION,True,14,PROCESS
COTIZACIONES__REMPART_GROUP_2_3578.xlsx,COT ASDE (3),VISIBLE,28,8,QUOTATION,True,14,PROCESS
COTIZACIONES__REMPART_GROUP_2_3578.xlsx,COT ASDE (4),VISIBLE,60,8,QUOTATION,True,15,PROCESS
COTIZACIONES__REMPART_GROUP_2_3578.xlsx,Hoja4,VISIBLE,0,0,EMPTY,False,,EMPTY
COTIZACIONES__REMPART_GROUP_2_3578.xlsx,FACTUR 4HMISLLM (2),VISIBLE,44,7,INVOICE,True,14,PROCESS
COTIZACIONES__REMPART_GROUP_2_3578.xlsx,COT ASDE (5),VISIBLE,49,13,QUOTATION,True,15,PROCESS
COTIZACIONES__REMPART_GROUP_2_3578.xlsx,FACTUR ASDE,VISIBLE,48,8,INVOICE,True,16,PROCESS
COTIZACIONES__REMPART_GROUP_2_3578.xlsx,COT ASDE (6),VISIBLE,40,11,QUOTATION,True,15,PROCESS
COTIZACIONES__REMPART_GROUP_2_3578.xlsx,COT ASDE (7),VISIBLE,23,8,QUOTATION,True,14,PROCESS
COTIZACIONES__REMPART_GROUP_2_3578.xlsx,PRESUPUESTO,VISIBLE,40,9,QUOTATION,True,14,PROCESS
COTIZACIONES__REMPART_GROUP_2_3578.xlsx,CONDUCE1 COTIZACION 4  (2),VISIBLE,43,6,DELIVERY,True,14,PROCESS
COTIZACIONES__REMPART_GROUP_2_3578.xlsx,COT ASDE (8),VISIBLE,18,8,QUOTATION,True,14,PROCESS
COTIZACIONES__REMPART_GROUP_2_3578.xlsx,COT ASDE (9),VISIBLE,23,8,QUOTATION,True,14,PROCESS
COTIZACIONES__REMPART_GROUP_2_3578.xlsx,COT ASDE (10),VISIBLE,18,8,QUOTATION,True,14,PROCESS
COTIZACIONES__REMPART_GROUP_2_3578.xlsx,COT ASDE (11),VISIBLE,25,8,QUOTATION,True,14,PROCESS
COTIZACIONES__REMPART_GROUP_2_3578.xlsx,COT ASDE (12),VISIBLE,74,9,QUOTATION,True,15,PROCESS
COTIZACIONES__REMPART_GROUP_2_3578.xlsx,COT ASDE (13),VISIBLE,19,8,QUOTATION,True,14,PROCESS
COTIZACIONES__REMPART_GROUP_2_3578.xlsx,CONDUCE 2 COTIZACION 4   (2),VISIBLE,15,5,DELIVERY,True,14,PROCESS
COTIZACIONES__REMPART_GROUP_2_3578.xlsx,COT ASDE (14),VISIBLE,20,8,QUOTATION,True,14,PROCESS
COTIZACIONES__REMPART_GROUP_2_3578.xlsx,COT ASDE (15),VISIBLE,19,8,QUOTATION,True,16,PROCESS
COTIZACIONES__REMPART_GROUP_2_3578.xlsx,CONDUCE 2 COTIZACION 4   (3),VISIBLE,14,5,DELIVERY,True,14,PROCESS
COTIZACIONES__REMPART_GROUP_2_3578.xlsx,CONDUCE 2 COTIZACION 4   (4),VISIBLE,14,5,DELIVERY,True,14,PROCESS
COTIZACIONES__REMPART_GROUP_2_3578.xlsx,CONDUCE 2 COTIZACION 4   (5),VISIBLE,14,5,DELIVERY,True,14,PROCESS
COTIZACIONES__REMPART_GROUP_2_3578.xlsx,COT ASDE (16),VISIBLE,30,8,QUOTATION,True,14,PROCESS
COTIZACIONES__REMPART_GROUP_2_3578.xlsx,COT ASDE (17),VISIBLE,18,8,QUOTATION,True,14,PROCESS
COTIZACIONES__REMPART_GROUP_2_3578.xlsx,COT ASDE (19),VISIBLE,19,8,QUOTATION,True,14,PROCESS
COTIZACIONES__REMPART_GROUP_2_3578.xlsx,COT ASDE (18),VISIBLE,20,8,QUOTATION,True,14,PROCESS
COTIZACIONES__REMPART_GROUP_2_3578.xlsx,COT ASDE (20),VISIBLE,20,8,QUOTATION,True,14,PROCESS
COTIZACIONES__REMPART_GROUP_2_3578.xlsx,COT ASDE (21),VISIBLE,58,9,QUOTATION,True,15,PROCESS
COTIZACIONES__REMPART_GROUP_2_3578.xlsx,COT ASDE (22),VISIBLE,18,8,QUOTATION,True,14,PROCESS
COTIZACIONES__REMPART_GROUP_2_3578.xlsx,COT ASDE (23),VISIBLE,25,8,QUOTATION,True,16,PROCESS
COTIZACIONES__REMPART_GROUP_2_3578.xlsx,COT ASDE (24),VISIBLE,24,8,QUOTATION,True,14,PROCESS
COTIZACIONES__REMPART_GROUP_2_3578.xlsx,COT ASDE (25),VISIBLE,38,8,QUOTATION,True,14,PROCESS
COTIZACIONES__REMPART_GROUP_2_3578.xlsx,COT ASDE (26),VISIBLE,21,8,QUOTATION,True,14,PROCESS
COTIZACIONES__REMPART_GROUP_2_3578.xlsx,COT ASDE (27),VISIBLE,39,8,QUOTATION,True,15,PROCESS
COTIZACIONES__REMPART_GROUP_2_3578.xlsx,COT RECONOCIMIENTO DE DEUDA ASD,VISIBLE,46,8,QUOTATION,True,14,PROCESS
COTIZACIONES__REMPART_GROUP_2_3578.xlsx,COT ASDE (29),VISIBLE,20,8,QUOTATION,True,14,PROCESS
COTIZACIONES__REMPART_GROUP_2_3578.xlsx,COT ASDE (30),VISIBLE,24,8,QUOTATION,True,15,PROCESS
COTIZACIONES__REMPART_GROUP_2_3578.xlsx,COT ASDE (31),VISIBLE,26,8,QUOTATION,True,15,PROCESS
COTIZACIONES__REMPART_GROUP_2_3578.xlsx,COT ASDE (32),VISIBLE,22,8,QUOTATION,True,14,PROCESS
COTIZACIONES__REMPART_GROUP_2_3578.xlsx,COT ASDE (33),VISIBLE,20,8,QUOTATION,True,14,PROCESS
COTIZACIONES__REMPART_GROUP_2_3578.xlsx,COT ASDE (34),VISIBLE,20,8,QUOTATION,True,14,PROCESS
COTIZACIONES__REMPART_GROUP_2_3578.xlsx,COT ASDE (35),VISIBLE,19,8,QUOTATION,True,14,PROCESS
COTIZACIONES__REMPART_GROUP_2_3578.xlsx,COT ASDE (36),VISIBLE,20,8,QUOTATION,True,14,PROCESS
COTIZACIONES__REMPART_GROUP_2_3578.xlsx,COT ASDE (37),VISIBLE,18,8,QUOTATION,True,14,PROCESS
COTIZACIONES__REMPART_GROUP_2_3578.xlsx,COT ASDE (38),VISIBLE,46,8,QUOTATION,True,14,PROCESS
COTIZACIONES__REMPART_GROUP_2_3578.xlsx,COT ASDE (39),VISIBLE,18,8,QUOTATION,True,14,PROCESS
COTIZACIONES__REMPART_GROUP_2_3578.xlsx,COT ASDE (40),VISIBLE,21,8,QUOTATION,True,14,PROCESS
COTIZACIONES__REMPART_GROUP_2_3578.xlsx,COT ASDE (41),VISIBLE,43,8,QUOTATION,True,15,PROCESS
COTIZACIONES__REMPART_GROUP_2_3578.xlsx,COT ASDE (42),VISIBLE,18,8,QUOTATION,True,14,PROCESS
COTIZACIONES__REMPART_GROUP_2_3578.xlsx,COT ASDE (43),VISIBLE,18,8,QUOTATION,True,14,PROCESS
COTIZACIONES__REMPART_GROUP_2_3578.xlsx,COT RECONOCIMIENTO DE DEUDA (2),VISIBLE,26,8,QUOTATION,True,15,PROCESS
COTIZACIONES__REMPART_GROUP_2_3578.xlsx,COT RECONOCIMIENTO DE DEUDA (3),VISIBLE,39,8,QUOTATION,True,15,PROCESS
COTIZACIONES__REMPART_GROUP_2_3578.xlsx,COT RECONOCIMIENTO DE DEUDA (4),VISIBLE,26,8,QUOTATION,True,15,PROCESS
COTIZACIONES__REMPART_GROUP_2_3578.xlsx,COT RECONOCIMIENTO DE DEUDA (5),VISIBLE,23,8,QUOTATION,True,15,PROCESS
COTIZACIONES__REMPART_GROUP_2_3578.xlsx,COT ASDE (44),VISIBLE,19,9,QUOTATION,True,15,PROCESS
COTIZACIONES__REMPART_GROUP_2_3578.xlsx,COT ASDE (45),VISIBLE,19,9,QUOTATION,True,15,PROCESS
COTIZACIONES__REMPART_GROUP_2_3578.xlsx,COT ASDE (46),VISIBLE,42,8,QUOTATION,True,14,PROCESS
COTIZACIONES__REMPART_GROUP_2_3578.xlsx,COT ASDE (47),VISIBLE,22,8,QUOTATION,True,15,PROCESS
COTIZACIONES__REMPART_GROUP_2_3578.xlsx,COT ASDE (48),VISIBLE,18,8,QUOTATION,True,14,PROCESS
COTIZACIONES__REMPART_GROUP_2_3578.xlsx,COT ASDE (49),VISIBLE,25,8,QUOTATION,True,14,PROCESS
COTIZACIONES__REMPART_GROUP_2_3578.xlsx,COT ASDE (50),VISIBLE,22,8,QUOTATION,True,14,PROCESS
COTIZACIONES__REMPART_GROUP_2_3578.xlsx,COT ASDE (51),VISIBLE,23,8,QUOTATION,True,14,PROCESS
COTIZACIONES__REMPART_GROUP_2_3578.xlsx,COT ASDE (52),VISIBLE,19,8,QUOTATION,True,14,PROCESS
COTIZACIONES__REMPART_GROUP_2_3578.xlsx,COT ASDE (53),VISIBLE,18,8,QUOTATION,True,14,PROCESS
COTIZACIONES__REMPART_GROUP_2_3578.xlsx,COT ASDE (28),VISIBLE,52,9,QUOTATION,True,15,PROCESS
COTIZACIONES__REMPART_GROUP_2_3578.xlsx,COT ASDE (54),VISIBLE,20,10,QUOTATION,True,14,PROCESS
COTIZACIONES__REMPART_GROUP_2_3578.xlsx,COT ASDE (55),VISIBLE,19,9,QUOTATION,True,14,PROCESS
COTIZACIONES__REMPART_GROUP_2_3578.xlsx,COT ASDE (57),VISIBLE,24,8,QUOTATION,True,14,PROCESS
COTIZACIONES__REMPART_GROUP_2_3578.xlsx,COT ASDE (58),VISIBLE,19,8,QUOTATION,True,14,PROCESS
COTIZACIONES__REMPART_GROUP_2_3578.xlsx,RESTANTE,VISIBLE,19,8,QUOTATION,True,14,PROCESS
COTIZACIONES__REMPART_GROUP_2_3578.xlsx,ELECTRICOS,VISIBLE,26,8,QUOTATION,True,15,PROCESS
COTIZACIONES__REMPART_GROUP_2_3578.xlsx,PYWOOD,VISIBLE,21,8,QUOTATION,True,15,PROCESS
COTIZACIONES__REMPART_GROUP_2_3578.xlsx,inodoro,VISIBLE,20,8,QUOTATION,True,15,PROCESS
COTIZACIONES__REMPART_GROUP_2_3578.xlsx,valvula,VISIBLE,20,8,QUOTATION,True,15,PROCESS
COTIZACIONES__REMPART_GROUP_2_3578.xlsx,ELECTRICOS (2),VISIBLE,26,8,QUOTATION,True,15,PROCESS
COTIZACIONES__REMPART_GROUP_2_3578.xlsx,toners,VISIBLE,30,9,QUOTATION,True,15,PROCESS
COTIZACIONES__REMPART_GROUP_2_3578.xlsx,IMOBILARIO(2),VISIBLE,25,9,QUOTATION,True,15,PROCESS
COTIZACIONES___2023-2024_PIN_ARIAS_2_fddc.xlsx,COTIZACION HOSPITAL MATERNO CON,VISIBLE,15,28,QUOTATION,True,15,PROCESS
COTIZACIONES___2023-2024_PIN_ARIAS_2_fddc.xlsx,COTIZACION HOSPITAL MATERNO C-1,VISIBLE,15,28,QUOTATION,True,15,PROCESS
COTIZACIONES___2023-2024_PIN_ARIAS_2_fddc.xlsx,COTIZACION HOSPITAL MATERNO C-2,VISIBLE,15,28,QUOTATION,True,15,PROCESS
COTIZACIONES___2023-2024_PIN_ARIAS_2_fddc.xlsx,COTIZACION HOSPITAL MATERNO C-3,VISIBLE,15,28,QUOTATION,True,15,PROCESS
COTIZACIONES___2023-2024_PIN_ARIAS_2_fddc.xlsx,COTIZACION HOSPITAL MATERNO C-4,VISIBLE,11,28,QUOTATION,True,15,PROCESS
COTIZACIONES___2023-2024_PIN_ARIAS_2_fddc.xlsx,COTIZACION HOSPITAL MATERNO C-5,VISIBLE,15,28,QUOTATION,True,15,PROCESS
COTIZACIONES___2023-2024_PIN_ARIAS_2_fddc.xlsx,FACTURA JULIO HOSPITAL MATERNO,VISIBLE,26,28,INVOICE,True,15,PROCESS
COTIZACIONES___2023-2024_PIN_ARIAS_2_fddc.xlsx,COTIZACION 1. OCT 2022,VISIBLE,19,8,QUOTATION,True,19,PROCESS
COTIZACIONES___2023-2024_PIN_ARIAS_2_fddc.xlsx,COTIZACION 2 OCT 2022,VISIBLE,19,8,QUOTATION,True,19,PROCESS
COTIZACIONES___2023-2024_PIN_ARIAS_2_fddc.xlsx,COTIZACION 3 OCT 2022,VISIBLE,20,8,QUOTATION,True,19,PROCESS
COTIZACIONES___2023-2024_PIN_ARIAS_2_fddc.xlsx,COTIZACION 4 OCT 2022,VISIBLE,19,8,QUOTATION,True,19,PROCESS
COTIZACIONES___2023-2024_PIN_ARIAS_2_fddc.xlsx,COTIZACION 5 OCT 2022,VISIBLE,19,8,QUOTATION,True,19,PROCESS
COTIZACIONES___2023-2024_PIN_ARIAS_2_fddc.xlsx,COTIZACION 6 OCT 2022,VISIBLE,19,8,QUOTATION,True,20,PROCESS
COTIZACIONES___2023-2024_PIN_ARIAS_2_fddc.xlsx,COTIZACION 7 OCT 2022,VISIBLE,20,8,QUOTATION,True,19,PROCESS
COTIZACIONES___2023-2024_PIN_ARIAS_2_fddc.xlsx,COTIZACION 8 OCT 2022,VISIBLE,20,8,QUOTATION,True,19,PROCESS
COTIZACIONES___2023-2024_PIN_ARIAS_2_fddc.xlsx,COT EMBUTIDOS ,VISIBLE,23,13,QUOTATION,True,19,PROCESS
COTIZACIONES___2023-2024_PIN_ARIAS_2_fddc.xlsx,1 COT EMBUTIDOS,VISIBLE,21,8,QUOTATION,True,19,PROCESS
COTIZACIONES___2023-2024_PIN_ARIAS_2_fddc.xlsx,2 COT EMBUTIDOS ,VISIBLE,20,8,QUOTATION,True,19,PROCESS
COTIZACIONES___2023-2024_PIN_ARIAS_2_fddc.xlsx,COTIZACION 26,VISIBLE,22,8,QUOTATION,True,19,PROCESS
COTIZACIONES___2023-2024_PIN_ARIAS_2_fddc.xlsx,COTIZACION 27,VISIBLE,25,8,DELIVERY,True,19,PROCESS
COTIZACIONES___2023-2024_PIN_ARIAS_2_fddc.xlsx,COTIZACION 28,VISIBLE,27,8,DELIVERY,True,19,PROCESS
COTIZACIONES___2023-2024_PIN_ARIAS_2_fddc.xlsx,COTIZACION 29,VISIBLE,26,8,DELIVERY,True,19,PROCESS
COTIZACIONES___2023-2024_PIN_ARIAS_2_fddc.xlsx,COTIZACION 30,VISIBLE,30,8,DELIVERY,True,19,PROCESS
COTIZACIONES___2023-2024_PIN_ARIAS_2_fddc.xlsx,COTIZACION 31,VISIBLE,21,8,QUOTATION,True,19,PROCESS
COTIZACIONES___2023-2024_PIN_ARIAS_2_fddc.xlsx,COTIZACION 32,VISIBLE,22,8,QUOTATION,True,19,PROCESS
COTIZACIONES___2023-2024_PIN_ARIAS_2_fddc.xlsx,COTIZACION 33,VISIBLE,27,8,QUOTATION,True,19,PROCESS
COTIZACIONES___2023-2024_PIN_ARIAS_2_fddc.xlsx,PROGR COT 33,VISIBLE,26,11,QUOTATION,True,18,PROCESS
COTIZACIONES___2023-2024_PIN_ARIAS_2_fddc.xlsx,COTIZACION 32 (2),VISIBLE,24,8,QUOTATION,True,19,PROCESS
COTIZACIONES___2023-2024_PIN_ARIAS_2_fddc.xlsx,COTIZACION 43,VISIBLE,40,8,QUOTATION,True,18,PROCESS
COTIZACIONES___2023-2024_PIN_ARIAS_2_fddc.xlsx,PROGR COT 43,VISIBLE,40,11,QUOTATION,True,18,PROCESS
COTIZACIONES___2023-2024_PIN_ARIAS_2_fddc.xlsx,COTIZACION 39,VISIBLE,20,8,QUOTATION,True,19,PROCESS
COTIZACIONES___2023-2024_PIN_ARIAS_2_fddc.xlsx,PROGR COT 39,VISIBLE,23,13,QUOTATION,True,18,PROCESS
COTIZACIONES___2023-2024_PIN_ARIAS_2_fddc.xlsx,COTIZACION 41 ,VISIBLE,20,8,QUOTATION,True,19,PROCESS
COTIZACIONES___2023-2024_PIN_ARIAS_2_fddc.xlsx,PROGR COT 41,VISIBLE,20,11,QUOTATION,True,18,PROCESS
COTIZACIONES___2023-2024_PIN_ARIAS_2_fddc.xlsx,COTIZACION 44,VISIBLE,39,7,QUOTATION,True,18,PROCESS
COTIZACIONES___2023-2024_PIN_ARIAS_2_fddc.xlsx,PROGRAMACION44,VISIBLE,37,10,DELIVERY,True,18,PROCESS
COTIZACIONES___2023-2024_PIN_ARIAS_2_fddc.xlsx,COTIZACION 45,VISIBLE,30,7,QUOTATION,True,19,PROCESS
COTIZACIONES___2023-2024_PIN_ARIAS_2_fddc.xlsx,PROGRAMACION 45,VISIBLE,27,10,DELIVERY,True,19,PROCESS
COTIZACIONES___2023-2024_PIN_ARIAS_2_fddc.xlsx,COTIZACION 46,VISIBLE,22,8,QUOTATION,True,19,PROCESS
COTIZACIONES___2023-2024_PIN_ARIAS_2_fddc.xlsx,COTIZACION 47,VISIBLE,20,8,QUOTATION,True,19,PROCESS
COTIZACIONES___2023-2024_PIN_ARIAS_2_fddc.xlsx,COTIZACION 48,VISIBLE,23,7,QUOTATION,True,19,PROCESS
COTIZACIONES___2023-2024_PIN_ARIAS_2_fddc.xlsx,PROGRAMACION 48,VISIBLE,20,10,DELIVERY,True,19,PROCESS
COTIZACIONES___2023-2024_PIN_ARIAS_2_fddc.xlsx,COTIZACION 49 A (2),VISIBLE,21,8,QUOTATION,True,19,PROCESS
COTIZACIONES___2023-2024_PIN_ARIAS_2_fddc.xlsx,COTIZACION 50 ,VISIBLE,30,8,QUOTATION,True,19,PROCESS
COTIZACIONES___2023-2024_PIN_ARIAS_2_fddc.xlsx,COTIZACION 51 ,VISIBLE,39,8,QUOTATION,True,18,PROCESS
COTIZACIONES___2023-2024_PIN_ARIAS_2_fddc.xlsx,COTIZACION 52,VISIBLE,25,8,QUOTATION,True,19,PROCESS
COTIZACIONES___2023-2024_PIN_ARIAS_2_fddc.xlsx,COTIZACION 53),VISIBLE,21,8,QUOTATION,True,19,PROCESS
COTIZACIONES___2023-2024_PIN_ARIAS_2_fddc.xlsx,COTIZACION 54,VISIBLE,24,8,QUOTATION,True,19,PROCESS
COTIZACIONES___2023-2024_PIN_ARIAS_2_fddc.xlsx,COTIZACION 55,VISIBLE,26,8,QUOTATION,True,19,PROCESS
COTIZACIONES___2023-2024_PIN_ARIAS_2_fddc.xlsx,COTIZACION 56,VISIBLE,30,8,QUOTATION,True,19,PROCESS
COTIZACIONES___2023-2024_PIN_ARIAS_2_fddc.xlsx,PROGRAMACION ,VISIBLE,30,7,QUOTATION,True,19,PROCESS
COTIZACIONES___2023-2024_PIN_ARIAS_2_fddc.xlsx,COTIZACION 57,VISIBLE,39,8,QUOTATION,True,18,PROCESS
COTIZACIONES___2023-2024_PIN_ARIAS_2_fddc.xlsx,COTIZACION 58,VISIBLE,21,8,QUOTATION,True,19,PROCESS
COTIZACIONES___2023-2024_PIN_ARIAS_2_fddc.xlsx,COTIZACION 59,VISIBLE,22,7,QUOTATION,True,19,PROCESS
COTIZACIONES___2023-2024_PIN_ARIAS_2_fddc.xlsx,COTIZACION 55 (2),VISIBLE,25,8,QUOTATION,True,19,PROCESS
COTIZACIONES___2023-2024_PIN_ARIAS_2_fddc.xlsx,COTIZACION 59 (2),VISIBLE,23,7,QUOTATION,True,19,PROCESS
COTIZACIONES___2023-2024_PIN_ARIAS_2_fddc.xlsx,COMPLEMENTARIA 4,VISIBLE,38,8,QUOTATION,True,18,PROCESS
COTIZACIONES___2023-2024_PIN_ARIAS_2_fddc.xlsx,COMPLEMENTARIA 3,VISIBLE,30,8,QUOTATION,True,18,PROCESS
COTIZACIONES___2023-2024_PIN_ARIAS_2_fddc.xlsx,COTIZACION 64A,VISIBLE,26,15,QUOTATION,True,19,PROCESS
COTIZACIONES___2023-2024_PIN_ARIAS_2_fddc.xlsx,COTIZACION 64A (2),VISIBLE,25,15,QUOTATION,True,19,PROCESS
COTIZACIONES___2023-2024_PIN_ARIAS_2_fddc.xlsx,COTIZACION 64A (3),VISIBLE,21,15,QUOTATION,True,19,PROCESS
COTIZACIONES___2023-2024_PIN_ARIAS_2_fddc.xlsx,COMPLEMENTARIA 3 (2),VISIBLE,22,8,QUOTATION,True,18,PROCESS
COTIZACIONES___2023-2024_PIN_ARIAS_2_fddc.xlsx,COTIZACION 64A (4),VISIBLE,24,15,QUOTATION,True,19,PROCESS
COTIZACIONES___2023-2024_PIN_ARIAS_2_fddc.xlsx,COMPLEMENTARIA 3 (3),VISIBLE,23,8,QUOTATION,True,18,PROCESS
COTIZACIONES___2023-2024_PIN_ARIAS_2_fddc.xlsx,COMPLEMENTARIA 3 (4),VISIBLE,20,8,QUOTATION,True,18,PROCESS
COTIZACIONES___2023-2024_PIN_ARIAS_2_fddc.xlsx,COTIZACION 64A (5),VISIBLE,26,15,QUOTATION,True,19,PROCESS
COTIZACIONES___2023-2024_PIN_ARIAS_2_fddc.xlsx,COMPLEMENTARIA 3 (5),VISIBLE,29,8,QUOTATION,True,18,PROCESS
COTIZACIONES___2023-2024_PIN_ARIAS_2_fddc.xlsx,COMPLEMENTARIA 3 (6),VISIBLE,25,8,QUOTATION,True,18,PROCESS
COTIZACIONES___2023-2024_PIN_ARIAS_2_fddc.xlsx,COMPLEMENTARIA 3 (7),VISIBLE,29,8,QUOTATION,True,18,PROCESS
COTIZACIONES___2023-2024_PIN_ARIAS_2_fddc.xlsx,COTIZACION 64A (6),VISIBLE,25,15,QUOTATION,True,19,PROCESS
COTIZACIONES___2023-2024_PIN_ARIAS_2_fddc.xlsx,COMPLEMENTARIA 3 (8),VISIBLE,21,8,QUOTATION,True,18,PROCESS
COTIZACIONES___2023-2024_PIN_ARIAS_2_fddc.xlsx,COMPLEMENTARIA 3 (9),VISIBLE,23,8,QUOTATION,True,18,PROCESS
COTIZACIONES___2023-2024_PIN_ARIAS_2_fddc.xlsx,COMPLEMENTARIA 3 (10),VISIBLE,22,8,QUOTATION,True,18,PROCESS
COTIZACIONES___2023-2024_PIN_ARIAS_2_fddc.xlsx,COMPLEMENTARIA 3 (11),VISIBLE,21,8,QUOTATION,True,18,PROCESS
COTIZACIONES___2023-2024_PIN_ARIAS_2_fddc.xlsx,COTIZACION 64A (7),VISIBLE,25,15,DELIVERY,True,19,PROCESS
COTIZACIONES___2023-2024_PIN_ARIAS_2_fddc.xlsx,COMPLEMENTARIA 3 (12),VISIBLE,21,8,QUOTATION,True,18,PROCESS
COTIZACIONES___2023-2024_PIN_ARIAS_2_fddc.xlsx,COMPLEMENTARIA 3 (13),VISIBLE,20,11,QUOTATION,True,19,PROCESS
COTIZACIONES___2023-2024_PIN_ARIAS_2_fddc.xlsx,COMPLEMENTARIA 3 (14),VISIBLE,19,8,QUOTATION,True,18,PROCESS
COTIZACIONES___2023-2024_PIN_ARIAS_2_fddc.xlsx,COMPLEMENTARIA 3 (15),VISIBLE,19,11,QUOTATION,True,18,PROCESS
COTIZACIONES___2023-2024_PIN_ARIAS_2_fddc.xlsx,COMPLEMENTARIA 3 (16),VISIBLE,22,12,DELIVERY,True,19,PROCESS
COTIZACIONES___2023-2024_PIN_ARIAS_2_fddc.xlsx,COTIZACION 64A (8),VISIBLE,26,15,DELIVERY,True,19,PROCESS
COTIZACIONES___2023-2024_PIN_ARIAS_2_fddc.xlsx,COMPLEMENTARIA 3 (17),VISIBLE,20,8,QUOTATION,True,18,PROCESS
COTIZACIONES___2023-2024_PIN_ARIAS_2_fddc.xlsx,COTIZACION 64A (9),VISIBLE,26,15,DELIVERY,True,19,PROCESS
COTIZACIONES___2023-2024_PIN_ARIAS_2_fddc.xlsx,COTIZACION 64A (10),VISIBLE,26,15,DELIVERY,True,19,PROCESS
COTIZACIONES___2023-2024_PIN_ARIAS_2_fddc.xlsx,COMPLEMENTARIA 3 (18),VISIBLE,21,8,QUOTATION,True,18,PROCESS
COTIZACIONES___2023-2024_PIN_ARIAS_2_fddc.xlsx,COMPLEMENTARIA 3 (19),VISIBLE,24,12,DELIVERY,True,19,PROCESS
COTIZACIONES___2023-2024_PIN_ARIAS_2_fddc.xlsx,COTIZACION 64A (11),VISIBLE,21,15,DELIVERY,True,19,PROCESS
COTIZACIONES___2023-2024_PIN_ARIAS_2_fddc.xlsx,COTIZACION 64A (12),VISIBLE,20,15,DELIVERY,True,19,PROCESS
COTIZACIONES___2023-2024_PIN_ARIAS_2_fddc.xlsx,COTIZACION 64A (13),VISIBLE,25,15,DELIVERY,True,19,PROCESS
COTIZACIONES___2023-2024_PIN_ARIAS_2_fddc.xlsx,COTIZACION 64A (14),VISIBLE,25,15,DELIVERY,True,19,PROCESS
COTIZACIONES___2023-2024_PIN_ARIAS_2_fddc.xlsx,COTIZACION 64A (15),VISIBLE,32,7,DELIVERY,True,19,PROCESS
COTIZACIONES___2023-2024_PIN_ARIAS_2_fddc.xlsx,COTIZACION 64A (16),VISIBLE,26,15,DELIVERY,True,19,PROCESS
COTIZACIONES___2023-2024_PIN_ARIAS_2_fddc.xlsx,COMPLEMENTARIA 3 (20),VISIBLE,22,8,QUOTATION,True,18,PROCESS
COTIZACIONES___2023-2024_PIN_ARIAS_2_fddc.xlsx,COMPLEMENTARIA 3 (21),VISIBLE,22,8,QUOTATION,True,18,PROCESS
COTIZACIONES___2023-2024_PIN_ARIAS_2_fddc.xlsx,COTIZACION 64A (17),VISIBLE,20,15,DELIVERY,True,19,PROCESS
COTIZACIONES___2023-2024_PIN_ARIAS_2_fddc.xlsx,COTIZACION 64A (18),VISIBLE,20,14,DELIVERY,True,19,PROCESS
COTIZACIONES___2023-2024_PIN_ARIAS_2_fddc.xlsx,Hoja1,VISIBLE,7,9,QUOTATION,True,4,PROCESS
COTIZACIONES___2023-2024_PIN_ARIAS_2_fddc.xlsx,COTIZACION 64A (19),VISIBLE,27,14,DELIVERY,True,19,PROCESS
COTIZACIONES___2023-2024_PIN_ARIAS_2_fddc.xlsx,COTIZACION 64A (20),VISIBLE,25,14,DELIVERY,True,19,PROCESS
COTIZACIONES___2023-2024_PIN_ARIAS_2_fddc.xlsx,COTIZACION 64A (21),VISIBLE,25,14,DELIVERY,True,19,PROCESS
COTIZACIONES___2023-2024_PIN_ARIAS_2_fddc.xlsx,COMPLEMENTARIA 3 (22),VISIBLE,22,8,QUOTATION,True,18,PROCESS
COTIZACIONES___2023-2024_PIN_ARIAS_2_fddc.xlsx,COTIZACION 64A (22),VISIBLE,26,14,DELIVERY,True,19,PROCESS
COTIZACIONES___2023-2024_PIN_ARIAS_2_fddc.xlsx,COMPLEMENTARIA 3 (23),VISIBLE,20,8,QUOTATION,True,18,PROCESS
COTIZACIONES___2023-2024_PIN_ARIAS_2_fddc.xlsx,COMPLEMENTARIA 3 (24),VISIBLE,20,8,QUOTATION,True,18,PROCESS
COTIZACIONES___2023-2024_PIN_ARIAS_2_fddc.xlsx,COTIZACION 64A (23),VISIBLE,26,14,DELIVERY,True,19,PROCESS
COTIZACIONES___2023-2024_PIN_ARIAS_2_fddc.xlsx,COTIZACION 64A (24),VISIBLE,28,14,DELIVERY,True,19,PROCESS
COTIZACIONES___2023-2024_PIN_ARIAS_2_fddc.xlsx,RACIONES PROPEEP,VISIBLE,32,11,DELIVERY,True,18,PROCESS
COTIZACIONES___2023-2024_PIN_ARIAS_2_fddc.xlsx,Hoja2,VISIBLE,32,10,QUOTATION,True,18,PROCESS
COTIZACIONES___2023-2024_PIN_ARIAS_2_fddc.xlsx,COTIZACION 64A (25),VISIBLE,26,14,DELIVERY,True,19,PROCESS
COTIZACIONES___2023-2024_PIN_ARIAS_2_fddc.xlsx,COTIZACION 64A (26),VISIBLE,26,14,DELIVERY,True,19,PROCESS
COTIZACIONES___2023-2024_PIN_ARIAS_2_fddc.xlsx,KIT DE RACIONES,VISIBLE,33,10,QUOTATION,True,18,PROCESS
COTIZACIONES___2023-2024_PIN_ARIAS_2_fddc.xlsx,KIT DE RACIONES (2),VISIBLE,19,10,QUOTATION,True,18,PROCESS
COTIZACIONES___2023-2024_PIN_ARIAS_2_fddc.xlsx,KIT DE RACIONES (3),VISIBLE,19,9,QUOTATION,True,18,PROCESS
COTIZACIONES___2023-2024_PIN_ARIAS_2_fddc.xlsx,COTIZACION 64A (27),VISIBLE,26,14,DELIVERY,True,19,PROCESS
COTIZACIONES___2023-2024_PIN_ARIAS_2_fddc.xlsx,COTIZACION 64a (28),VISIBLE,26,14,DELIVERY,True,19,PROCESS
COTIZACIONES___2023-2024_PIN_ARIAS_2_fddc.xlsx,COTIZACION 64a (29),VISIBLE,23,15,QUOTATION,True,18,PROCESS
COTIZACIONES___2023-2024_PIN_ARIAS_2_fddc.xlsx,CEAASNA-0029,VISIBLE,53,11,QUOTATION,True,18,PROCESS
COTIZACIONES_b089.xlsx,Cotizacion1,VISIBLE,28,7,QUOTATION,True,13,PROCESS
COTIZACIONES_b089.xlsx,Factura1,VISIBLE,27,7,INVOICE,True,14,PROCESS
COTIZACIONES_b089.xlsx,Analisis de Costo1,VISIBLE,13,9,COST_ANALYSIS,True,7,PROCESS
COTIZACIONES_b089.xlsx,Cotizacion2,VISIBLE,31,7,QUOTATION,True,13,PROCESS
COTIZACIONES_b089.xlsx,Factura 4,VISIBLE,29,7,INVOICE,True,14,PROCESS
COTIZACIONES_b089.xlsx,Analisis de Costo2,VISIBLE,13,9,COST_ANALYSIS,True,7,PROCESS
COTIZACIONES_b089.xlsx,Cotizacion3,VISIBLE,52,7,QUOTATION,True,13,PROCESS
COTIZACIONES_b089.xlsx,Factura 2,VISIBLE,50,7,INVOICE,True,14,PROCESS
COTIZACIONES_b089.xlsx,Cotizacion4 ,VISIBLE,29,7,QUOTATION,True,13,PROCESS
COTIZACIONES_b089.xlsx,Cotizacion 5,VISIBLE,31,7,QUOTATION,True,13,PROCESS
COTIZACIONES_b089.xlsx,Factura 3,VISIBLE,30,7,INVOICE,True,14,PROCESS
COTIZACIONES_b089.xlsx,EJEMPLO COT JORGE,VISIBLE,21,7,QUOTATION,True,9,PROCESS
COTIZACIONES_b089.xlsx,Factura 3 (2),VISIBLE,30,7,INVOICE,True,14,PROCESS
COTIZACIONES_b089.xlsx,COTIZACION nuevo formato,VISIBLE,23,6,QUOTATION,True,13,PROCESS
COTIZACION_-2026_MAYO_4932.xlsx,LIMPIADORES (2),VISIBLE,24,7,QUOTATION,True,14,PROCESS
COTIZACION_-2026_MAYO_4932.xlsx,LIMPIADORES (3),VISIBLE,24,7,QUOTATION,True,14,PROCESS
COTIZACION_MATERIALES_FERRETERO1_7286.xlsx,COTIZACION (21),VISIBLE,104,5,QUOTATION,True,2,PROCESS
COT_95d1.xlsx,COT ASDE (37),VISIBLE,38,10,QUOTATION,True,14,PROCESS
COT_95d1.xlsx,COT PROPEEP,VISIBLE,35,10,QUOTATION,True,14,PROCESS
COT_95d1.xlsx,COT ELECTRODOMESTICOS,VISIBLE,27,9,QUOTATION,True,15,PROCESS
COT_95d1.xlsx,LOTE 4 Y 5,VISIBLE,27,12,QUOTATION,True,15,PROCESS
COT_95d1.xlsx,LOTE 6,VISIBLE,27,10,QUOTATION,True,15,PROCESS
COT_95d1.xlsx,muestra,VISIBLE,36,13,QUOTATION,True,16,PROCESS
COT_95d1.xlsx,PROPEEP PINTURA,VISIBLE,35,9,QUOTATION,True,16,PROCESS
COT_95d1.xlsx,LOTE 4 Y 5 (2),VISIBLE,27,11,QUOTATION,True,15,PROCESS
COT_95d1.xlsx,LOTE 6 (2),VISIBLE,27,10,QUOTATION,True,15,PROCESS
COT_95d1.xlsx,LOTE 1 ELECTRODOMESTICOS,VISIBLE,31,10,QUOTATION,True,15,PROCESS
COT_95d1.xlsx,LOTE 2 ELECTRODOMESTICOS ,VISIBLE,26,10,QUOTATION,True,15,PROCESS
COT_95d1.xlsx,LOTE UNICO-NEUMATICOS,VISIBLE,23,10,QUOTATION,True,15,PROCESS
COT_95d1.xlsx,LOTE 6 (3),VISIBLE,23,10,QUOTATION,True,15,PROCESS
FORMATO_DE_COTIZACION_2_21f4.xlsx,Cotizacion 5 (61),VISIBLE,31,8,QUOTATION,True,14,PROCESS
FORMATO_DE_COTIZACION_2_21f4.xlsx,Cotizacion 5 (62),VISIBLE,30,8,QUOTATION,True,14,PROCESS
FORMATO_DE_COTIZACION_2_21f4.xlsx,Cotizacion 5 (63),VISIBLE,31,8,QUOTATION,True,14,PROCESS
FORMATO_DE_COTIZACION_2_21f4.xlsx,Cotizacion Lote 4,VISIBLE,23,9,QUOTATION,True,13,PROCESS
FORMATO_DE_COTIZACION_2_21f4.xlsx,Cotizacion Lote 6 ,VISIBLE,23,8,QUOTATION,True,13,PROCESS
FORMATO_DE_COTIZACION_2_21f4.xlsx,Cotizacion PINTURA,VISIBLE,29,10,QUOTATION,True,13,PROCESS
FORMATO_DE_COTIZACION_2_21f4.xlsx,Hoja2,VISIBLE,14,6,UNKNOWN,False,,PROCESS
FORMATO_DE_COTIZACION_2_21f4.xlsx,Cotizacion Lote 6  (2),VISIBLE,23,8,QUOTATION,True,13,PROCESS
FORMATO_DE_COTIZACION_2_21f4.xlsx,Cotizacion Lote 6  (3),VISIBLE,23,8,QUOTATION,True,13,PROCESS
FORMATO_DE_COTIZACION_2_21f4.xlsx,LOTE 1 ELECTRODOMESTICOS,VISIBLE,27,8,QUOTATION,True,13,PROCESS
FORMATO_DE_COTIZACION_2_21f4.xlsx,LOTE 2 ELECTRODOMESTICOS,VISIBLE,22,8,QUOTATION,True,13,PROCESS
FORMATO_DE_COTIZACION_2_21f4.xlsx,MOBILIARIOS MT,VISIBLE,30,8,QUOTATION,True,13,PROCESS
FORMATO_DE_COTIZACION_2_21f4.xlsx,MOBILIARIOS MT (2),VISIBLE,17,8,QUOTATION,True,13,PROCESS
FORMATO_DE_COTIZACION_2_21f4.xlsx,MOBILIARIOS MT (3),VISIBLE,16,8,QUOTATION,True,13,PROCESS
cotizacion_del_marcelino_9bd9.xlsx,COMPLEMENTARIA 3 (27),VISIBLE,62,9,QUOTATION,True,18,PROCESS
COTIZACIONES__DOMINION_BUSINESS_2_e7f1.xlsx,*,VISIBLE,0,0,EXACT_DUPLICATE,False,,SKIP_DUPLICATE_FILE
COTIZACIONES__REMPART_GROUP_8ad7.xlsx,*,VISIBLE,0,0,EXACT_DUPLICATE,False,,SKIP_DUPLICATE_FILE
COTIZACIONES___2023-2024_PIN_ARIAS_9be5.xlsx,*,VISIBLE,0,0,EXACT_DUPLICATE,False,,SKIP_DUPLICATE_FILE
FORMATO_DE_COTIZACION_3b5f.xlsx,*,VISIBLE,0,0,EXACT_DUPLICATE,False,,SKIP_DUPLICATE_FILE
