CANONICAL_ID,CANONICAL_NAME,TYPE,CATEGORY,UOM,BRAND,MODEL,SPECIFICATION,IS_FOOD,IS_MEAT,IS_SERVICE,COMPANY_SCOPE,CURRENT_ODOO_PRODUCT_ID,CURRENT_ODOO_NAME,CURRENT_LIST_PRICE,HISTORICAL_OCCURRENCES,HISTORICAL_MIN_PRICE,HISTORICAL_MAX_PRICE,FINAL_LIST_PRICE,MATCH_TYPE,SOURCE_FILES_COUNT,SOURCE_SHEETS_COUNT,ACTION,REVIEW_REASON,PRICE_RULE,MAX_PRICE_SOURCE_FILE,MAX_PRICE_SOURCE_SHEET,MAX_PRICE_SOURCE_ROW,MAX_PRICE_DOCUMENT_TYPE,MAX_PRICE_DESCRIPTION,MAX_PRICE_QTY,MAX_PRICE_UNIT_EXCL,MAX_PRICE_CURRENCY,IDENTITY_KEY,SOURCE_FILES
AG-1568,CARNE DE RES,consu,Carnes,lb,,,,False,True,False,PINARIA,,,,54,225.0,225.0,225.0,NEW_PRODUCT,3,46,CREATE_PIÑARIA_PRODUCT,,MAX,COTIZACIONES__DOMINION_BUSINESS_18aa.xlsx,FACTURA JULIO HOSPITAL MATERNO,23,INVOICE,CARNE DE RES,500.0,225.0,DOP,carne|res,COTIZACIONES__DOMINION_BUSINESS_18aa.xlsx | COTIZACIONES__REMPART_GROUP_2_3578.xlsx | COTIZACIONES___2023-2024_PIN_ARIAS_2_fddc.xlsx
AG-1569,POLLO ENTERO,consu,Carnes,lb,,,,False,True,False,PINARIA,,,,17,,,,NEW_PRODUCT,3,7,MANUAL_REVIEW,MISSING_VALID_PRICE,NO_PRICE,,,,,,,,,pollo|entero,COTIZACIONES__DOMINION_BUSINESS_18aa.xlsx | COTIZACIONES__REMPART_GROUP_2_3578.xlsx | COTIZACIONES___2023-2024_PIN_ARIAS_2_fddc.xlsx
AG-1570,SALAMI Induveca 3.5/1,consu,Carnes,Units,,,caliber=5/1,False,True,False,PINARIA,,,,3,,,,NEW_PRODUCT,3,1,MANUAL_REVIEW,MISSING_VALID_PRICE,NO_PRICE,,,,,,,,,salami|induveca|3.5/1|5/1,COTIZACIONES__DOMINION_BUSINESS_18aa.xlsx | COTIZACIONES__REMPART_GROUP_2_3578.xlsx | COTIZACIONES___2023-2024_PIN_ARIAS_2_fddc.xlsx
AG-1571,Chuleta,consu,Carnes,lb,,,,False,True,False,PINARIA,,,,28,105.0,105.0,105.0,NEW_PRODUCT,3,22,CREATE_PIÑARIA_PRODUCT,,SINGLE,COTIZACIONES___2023-2024_PIN_ARIAS_2_fddc.xlsx,Hoja1,6,QUOTATION,CHULETA,,105.0,DOP,chuleta,COTIZACIONES__DOMINION_BUSINESS_18aa.xlsx | COTIZACIONES__REMPART_GROUP_2_3578.xlsx | COTIZACIONES___2023-2024_PIN_ARIAS_2_fddc.xlsx
AG-1572,RES MOLIDA,consu,Carnes,lb,,,,False,True,False,PINARIA,,,,34,230.0,230.0,230.0,NEW_PRODUCT,3,24,CREATE_PIÑARIA_PRODUCT,,MAX,COTIZACIONES__DOMINION_BUSINESS_18aa.xlsx,FACTURA JULIO HOSPITAL MATERNO,24,INVOICE,RES MOLIDA,350.0,230.0,DOP,res|molida,COTIZACIONES__DOMINION_BUSINESS_18aa.xlsx | COTIZACIONES__REMPART_GROUP_2_3578.xlsx | COTIZACIONES___2023-2024_PIN_ARIAS_2_fddc.xlsx
AG-1573,Costilla,consu,Carnes,lb,,,,False,True,False,PINARIA,,,,9,200.0,200.0,200.0,NEW_PRODUCT,3,5,CREATE_PIÑARIA_PRODUCT,,MAX,COTIZACIONES__DOMINION_BUSINESS_18aa.xlsx,FACTURA JULIO HOSPITAL MATERNO,19,INVOICE,COSTILLA,200.0,200.0,DOP,costilla,COTIZACIONES__DOMINION_BUSINESS_18aa.xlsx | COTIZACIONES__REMPART_GROUP_2_3578.xlsx | COTIZACIONES___2023-2024_PIN_ARIAS_2_fddc.xlsx
AG-1576,Chuleta Ahumada,consu,Carnes,lb,,,,False,True,False,PINARIA,,,,30,,,,NEW_PRODUCT,3,27,MANUAL_REVIEW,MISSING_VALID_PRICE,NO_PRICE,,,,,,,,,chuleta|ahumada,COTIZACIONES__DOMINION_BUSINESS_18aa.xlsx | COTIZACIONES__REMPART_GROUP_2_3578.xlsx | COTIZACIONES___2023-2024_PIN_ARIAS_2_fddc.xlsx
AG-1577,Chuleta FRESCA Rebanada,consu,Carnes,lb,,,,False,True,False,PINARIA,,,,4,195.0,195.0,195.0,NEW_PRODUCT,3,2,CREATE_PIÑARIA_PRODUCT,,MAX,COTIZACIONES__DOMINION_BUSINESS_18aa.xlsx,FACTURA JULIO HOSPITAL MATERNO,17,INVOICE,CHULETA FRESCA REBANADA,150.0,195.0,DOP,chuleta|fresca|rebanada,COTIZACIONES__DOMINION_BUSINESS_18aa.xlsx | COTIZACIONES__REMPART_GROUP_2_3578.xlsx | COTIZACIONES___2023-2024_PIN_ARIAS_2_fddc.xlsx
AG-1578,CARNE DE CERDO,consu,Carnes,lb,,,,False,True,False,PINARIA,,,,49,200.0,200.0,200.0,NEW_PRODUCT,3,45,CREATE_PIÑARIA_PRODUCT,,MAX,COTIZACIONES__DOMINION_BUSINESS_18aa.xlsx,FACTURA JULIO HOSPITAL MATERNO,21,INVOICE,CARNE DE CERDO,200.0,200.0,DOP,carne|cerdo,COTIZACIONES__DOMINION_BUSINESS_18aa.xlsx | COTIZACIONES__REMPART_GROUP_2_3578.xlsx | COTIZACIONES___2023-2024_PIN_ARIAS_2_fddc.xlsx
AG-1579,POLLO ENTERO Descongelado,consu,Carnes,lb,,,,False,True,False,PINARIA,,,,12,150.0,150.0,150.0,NEW_PRODUCT,3,10,CREATE_PIÑARIA_PRODUCT,,MAX,COTIZACIONES__DOMINION_BUSINESS_18aa.xlsx,FACTURA JULIO HOSPITAL MATERNO,22,INVOICE,POLLO ENTERO DESCONGELADO,2000.0,150.0,DOP,pollo|entero|descongelado,COTIZACIONES__DOMINION_BUSINESS_18aa.xlsx | COTIZACIONES__REMPART_GROUP_2_3578.xlsx | COTIZACIONES___2023-2024_PIN_ARIAS_2_fddc.xlsx
AG-1580,RES Deshuesada,consu,Carnes,lb,,,,False,True,False,PINARIA,,,,3,270.0,270.0,270.0,NEW_PRODUCT,3,1,CREATE_PIÑARIA_PRODUCT,,MAX,COTIZACIONES__DOMINION_BUSINESS_18aa.xlsx,FACTURA JULIO HOSPITAL MATERNO,25,INVOICE,RES DESHUESADA,,270.0,DOP,res|deshuesada,COTIZACIONES__DOMINION_BUSINESS_18aa.xlsx | COTIZACIONES__REMPART_GROUP_2_3578.xlsx | COTIZACIONES___2023-2024_PIN_ARIAS_2_fddc.xlsx
AG-1581,QUESO BLANCO,consu,Alimentos,Units,,,,True,False,False,PINARIA,,,,1,,,,NEW_PRODUCT,1,1,MANUAL_REVIEW,MISSING_VALID_PRICE,NO_PRICE,,,,,,,,,queso|blanco,COTIZACIONES__DOMINION_BUSINESS_18aa.xlsx
AG-1582,QUESO Amarillo,consu,Alimentos,Units,,,,True,False,False,PINARIA,,,,2,,,,NEW_PRODUCT,2,2,MANUAL_REVIEW,MISSING_VALID_PRICE,NO_PRICE,,,,,,,,,queso|amarillo,COTIZACIONES__DOMINION_BUSINESS_18aa.xlsx | COTIZACIONES___2023-2024_PIN_ARIAS_2_fddc.xlsx
AG-1583,QUESO GOUDA,consu,Alimentos,Units,,,,True,False,False,PINARIA,,,,3,,,,NEW_PRODUCT,2,3,MANUAL_REVIEW,MISSING_VALID_PRICE,NO_PRICE,,,,,,,,,queso|gouda,COTIZACIONES__DOMINION_BUSINESS_18aa.xlsx | COTIZACIONES___2023-2024_PIN_ARIAS_2_fddc.xlsx
AG-1584,QUESO Mozarella,consu,Alimentos,Units,,,,True,False,False,PINARIA,,,,17,,,,NEW_PRODUCT,2,17,MANUAL_REVIEW,MISSING_VALID_PRICE,NO_PRICE,,,,,,,,,queso|mozarella,COTIZACIONES__DOMINION_BUSINESS_18aa.xlsx | COTIZACIONES___2023-2024_PIN_ARIAS_2_fddc.xlsx
AG-1585,HUEVO,consu,Alimentos,Units,,,,True,False,False,PINARIA,,,,1,,,,NEW_PRODUCT,1,1,MANUAL_REVIEW,MISSING_VALID_PRICE,NO_PRICE,,,,,,,,,huevo,COTIZACIONES__DOMINION_BUSINESS_18aa.xlsx
AG-1587,Pechuga DE POLLO 50/1 LB,consu,Carnes,Units,,,caliber=50/1 presentation=1 lb,False,True,False,PINARIA,,,,1,,,,NEW_PRODUCT,1,1,MANUAL_REVIEW,MISSING_VALID_PRICE,NO_PRICE,,,,,,,,,pechuga|pollo|50/1|lb|50/1|1 lb,COTIZACIONES__DOMINION_BUSINESS_18aa.xlsx
AG-1588,MUSLO DE POLLO,consu,Carnes,Units,,,,False,True,False,PINARIA,,,,3,,,,NEW_PRODUCT,2,3,MANUAL_REVIEW,MISSING_VALID_PRICE,NO_PRICE,,,,,,,,,muslo|pollo,COTIZACIONES__DOMINION_BUSINESS_18aa.xlsx | COTIZACIONES___2023-2024_PIN_ARIAS_2_fddc.xlsx
AG-1589,HUEVOS 30/1,consu,Alimentos,Units,,,caliber=30/1,True,False,False,PINARIA,,,,5,,,,NEW_PRODUCT,2,5,MANUAL_REVIEW,MISSING_VALID_PRICE,NO_PRICE,,,,,,,,,huevos|30/1|30/1,COTIZACIONES__DOMINION_BUSINESS_18aa.xlsx | COTIZACIONES___2023-2024_PIN_ARIAS_2_fddc.xlsx
AG-1590,JAMON 6/1,consu,Carnes,Units,,,caliber=6/1,False,True,False,PINARIA,,,,3,,,,NEW_PRODUCT,2,3,MANUAL_REVIEW,MISSING_VALID_PRICE,NO_PRICE,,,,,,,,,jamon|6/1|6/1,COTIZACIONES__DOMINION_BUSINESS_18aa.xlsx | COTIZACIONES___2023-2024_PIN_ARIAS_2_fddc.xlsx
AG-1591,JAMON DE PAVO,consu,Carnes,Units,,,,False,True,False,PINARIA,,,,10,,,,NEW_PRODUCT,2,10,MANUAL_REVIEW,MISSING_VALID_PRICE,NO_PRICE,,,,,,,,,jamon|pavo,COTIZACIONES__DOMINION_BUSINESS_18aa.xlsx | COTIZACIONES___2023-2024_PIN_ARIAS_2_fddc.xlsx
AG-1592,SALAMI 3.2/1LB,consu,Carnes,Units,,,presentation=1 lb,False,True,False,PINARIA,,,,3,,,,NEW_PRODUCT,2,3,MANUAL_REVIEW,MISSING_VALID_PRICE,NO_PRICE,,,,,,,,,salami|3.2/1|lb|1 lb,COTIZACIONES__DOMINION_BUSINESS_18aa.xlsx | COTIZACIONES___2023-2024_PIN_ARIAS_2_fddc.xlsx
AG-1594,QUESO Amarillo 5/1,consu,Alimentos,Units,,,caliber=5/1,True,False,False,PINARIA,,,,2,,,,NEW_PRODUCT,2,2,MANUAL_REVIEW,MISSING_VALID_PRICE,NO_PRICE,,,,,,,,,queso|amarillo|5/1|5/1,COTIZACIONES__DOMINION_BUSINESS_18aa.xlsx | COTIZACIONES___2023-2024_PIN_ARIAS_2_fddc.xlsx
AG-1595,SALAMI 3.2/1 LB,consu,Carnes,Units,,,caliber=2/1 presentation=1 lb,False,True,False,PINARIA,,,,1,,,,NEW_PRODUCT,1,1,MANUAL_REVIEW,MISSING_VALID_PRICE,NO_PRICE,,,,,,,,,salami|3.2/1|lb|2/1|1 lb,COTIZACIONES__DOMINION_BUSINESS_18aa.xlsx
AG-1597,POLLOS Enteros C/U 4 LIBRA,consu,Carnes,Units,,,,False,True,False,PINARIA,,,,1,,,,NEW_PRODUCT,1,1,MANUAL_REVIEW,MISSING_VALID_PRICE,NO_PRICE,,,,,,,,,pollos|enteros|c/u|4|libra,COTIZACIONES__DOMINION_BUSINESS_18aa.xlsx
AG-1600,LIBRAS DE RES MOLIDA,consu,Carnes,Units,,,,False,True,False,PINARIA,,,,1,,,,NEW_PRODUCT,1,1,MANUAL_REVIEW,MISSING_VALID_PRICE,NO_PRICE,,,,,,,,,libras|res|molida,COTIZACIONES__DOMINION_BUSINESS_18aa.xlsx
AG-1601,Costilla Ahumada,consu,Carnes,Units,,,,False,True,False,PINARIA,,,,10,,,,NEW_PRODUCT,2,10,MANUAL_REVIEW,MISSING_VALID_PRICE,NO_PRICE,,,,,,,,,costilla|ahumada,COTIZACIONES__DOMINION_BUSINESS_18aa.xlsx | COTIZACIONES___2023-2024_PIN_ARIAS_2_fddc.xlsx
AG-1602,POLLO,consu,Carnes,Units,,,,False,True,False,PINARIA,,,,61,,,,NEW_PRODUCT,2,57,MANUAL_REVIEW,MISSING_VALID_PRICE,NO_PRICE,,,,,,,,,pollo,COTIZACIONES__DOMINION_BUSINESS_18aa.xlsx | COTIZACIONES___2023-2024_PIN_ARIAS_2_fddc.xlsx
AG-1607,POLLO ENTERO C/U 4LIBRA,consu,Carnes,Units,,,,False,True,False,PINARIA,,,,1,,,,NEW_PRODUCT,1,1,MANUAL_REVIEW,MISSING_VALID_PRICE,NO_PRICE,,,,,,,,,pollo|entero|c/u|4libra,COTIZACIONES__DOMINION_BUSINESS_18aa.xlsx
AG-1610,LIBRA DE POLLO,consu,Carnes,Units,,,,False,True,False,PINARIA,,,,13,,,,NEW_PRODUCT,3,12,MANUAL_REVIEW,MISSING_VALID_PRICE,NO_PRICE,,,,,,,,,libra|pollo,COTIZACIONES__DOMINION_BUSINESS_18aa.xlsx | COTIZACIONES___2023-2024_PIN_ARIAS_2_fddc.xlsx | COTIZACION_-2026_MAYO_4932.xlsx
AG-1612,LIBRA DE CARNE RES,consu,Carnes,Units,,,,False,True,False,PINARIA,,,,7,,,,NEW_PRODUCT,3,7,MANUAL_REVIEW,MISSING_VALID_PRICE,NO_PRICE,,,,,,,,,libra|carne|res,COTIZACIONES__DOMINION_BUSINESS_18aa.xlsx | COTIZACIONES___2023-2024_PIN_ARIAS_2_fddc.xlsx | COTIZACION_-2026_MAYO_4932.xlsx
AG-1613,LIBRA DE RES MOLIDA,consu,Carnes,Units,,,,False,True,False,PINARIA,,,,3,,,,NEW_PRODUCT,1,3,MANUAL_REVIEW,MISSING_VALID_PRICE,NO_PRICE,,,,,,,,,libra|res|molida,COTIZACIONES__DOMINION_BUSINESS_18aa.xlsx
AG-1615,LIBRA DE Chuleta,consu,Carnes,Units,,,,False,True,False,PINARIA,,,,3,,,,NEW_PRODUCT,2,3,MANUAL_REVIEW,MISSING_VALID_PRICE,NO_PRICE,,,,,,,,,libra|chuleta,COTIZACIONES__DOMINION_BUSINESS_18aa.xlsx | COTIZACIONES___2023-2024_PIN_ARIAS_2_fddc.xlsx
AG-1618,Platano VERDE,consu,Alimentos,Units,,,,True,False,False,PINARIA,,,,25,,,,NEW_PRODUCT,2,25,MANUAL_REVIEW,MISSING_VALID_PRICE,NO_PRICE,,,,,,,,,platano|verde,COTIZACIONES__DOMINION_BUSINESS_18aa.xlsx | COTIZACIONES___2023-2024_PIN_ARIAS_2_fddc.xlsx
AG-1620,YUCA,consu,Alimentos,Units,,,,True,False,False,PINARIA,,,,25,,,,NEW_PRODUCT,2,25,MANUAL_REVIEW,MISSING_VALID_PRICE,NO_PRICE,,,,,,,,,yuca,COTIZACIONES__DOMINION_BUSINESS_18aa.xlsx | COTIZACIONES___2023-2024_PIN_ARIAS_2_fddc.xlsx
AG-1625,SALAMI Induveca,consu,Carnes,Units,,,,False,True,False,PINARIA,,,,27,,,,NEW_PRODUCT,2,27,MANUAL_REVIEW,MISSING_VALID_PRICE,NO_PRICE,,,,,,,,,salami|induveca,COTIZACIONES__DOMINION_BUSINESS_18aa.xlsx | COTIZACIONES___2023-2024_PIN_ARIAS_2_fddc.xlsx
AG-1626,QUESO CHEDAR,consu,Alimentos,Units,,,,True,False,False,PINARIA,,,,29,,,,NEW_PRODUCT,2,29,MANUAL_REVIEW,MISSING_VALID_PRICE,NO_PRICE,,,,,,,,,queso|chedar,COTIZACIONES__DOMINION_BUSINESS_18aa.xlsx | COTIZACIONES___2023-2024_PIN_ARIAS_2_fddc.xlsx
AG-1627,JAMON PICNIC,consu,Carnes,Units,,,,False,True,False,PINARIA,,,,25,,,,NEW_PRODUCT,2,25,MANUAL_REVIEW,MISSING_VALID_PRICE,NO_PRICE,,,,,,,,,jamon|picnic,COTIZACIONES__DOMINION_BUSINESS_18aa.xlsx | COTIZACIONES___2023-2024_PIN_ARIAS_2_fddc.xlsx
AG-1629,LIBRA DE CARNE DE CERDO,consu,Carnes,Units,,,,False,True,False,PINARIA,,,,9,,,,NEW_PRODUCT,3,9,MANUAL_REVIEW,MISSING_VALID_PRICE,NO_PRICE,,,,,,,,,libra|carne|cerdo,COTIZACIONES__DOMINION_BUSINESS_18aa.xlsx | COTIZACIONES___2023-2024_PIN_ARIAS_2_fddc.xlsx | COTIZACION_-2026_MAYO_4932.xlsx
AG-1638,Chuleta Feresca,consu,Carnes,Units,,,,False,True,False,PINARIA,,,,2,,,,NEW_PRODUCT,2,2,MANUAL_REVIEW,MISSING_VALID_PRICE,NO_PRICE,,,,,,,,,chuleta|feresca,COTIZACIONES__DOMINION_BUSINESS_18aa.xlsx | COTIZACIONES___2023-2024_PIN_ARIAS_2_fddc.xlsx
AG-1641,Pescado MERO,consu,Carnes,Units,,,,False,True,False,PINARIA,,,,32,,,,NEW_PRODUCT,2,32,MANUAL_REVIEW,MISSING_VALID_PRICE,NO_PRICE,,,,,,,,,pescado|mero,COTIZACIONES__DOMINION_BUSINESS_18aa.xlsx | COTIZACIONES___2023-2024_PIN_ARIAS_2_fddc.xlsx
AG-1642,BATATA,consu,Alimentos,Units,,,,True,False,False,PINARIA,,,,11,,,,NEW_PRODUCT,2,11,MANUAL_REVIEW,MISSING_VALID_PRICE,NO_PRICE,,,,,,,,,batata,COTIZACIONES__DOMINION_BUSINESS_18aa.xlsx | COTIZACIONES___2023-2024_PIN_ARIAS_2_fddc.xlsx
AG-1646,TOMATE DE Ensalada,consu,Alimentos,Units,,,,True,False,False,PINARIA,,,,18,,,,NEW_PRODUCT,2,18,MANUAL_REVIEW,MISSING_VALID_PRICE,NO_PRICE,,,,,,,,,tomate|ensalada,COTIZACIONES__DOMINION_BUSINESS_18aa.xlsx | COTIZACIONES___2023-2024_PIN_ARIAS_2_fddc.xlsx
AG-1649,TOMATE Barcelo,consu,Alimentos,Units,,,,True,False,False,PINARIA,,,,12,,,,NEW_PRODUCT,2,12,MANUAL_REVIEW,MISSING_VALID_PRICE,NO_PRICE,,,,,,,,,tomate|barcelo,COTIZACIONES__DOMINION_BUSINESS_18aa.xlsx | COTIZACIONES___2023-2024_PIN_ARIAS_2_fddc.xlsx
AG-1658,Cebolla,consu,Alimentos,Units,,,,True,False,False,PINARIA,,,,18,,,,NEW_PRODUCT,2,18,MANUAL_REVIEW,MISSING_VALID_PRICE,NO_PRICE,,,,,,,,,cebolla,COTIZACIONES__DOMINION_BUSINESS_18aa.xlsx | COTIZACIONES___2023-2024_PIN_ARIAS_2_fddc.xlsx
AG-1674,Repollo,consu,Carnes,Units,,,,False,True,False,PINARIA,,,,15,,,,NEW_PRODUCT,2,15,MANUAL_REVIEW,MISSING_VALID_PRICE,NO_PRICE,,,,,,,,,repollo,COTIZACIONES__DOMINION_BUSINESS_18aa.xlsx | COTIZACIONES___2023-2024_PIN_ARIAS_2_fddc.xlsx
AG-1675,QUESO Mozzarella,consu,Alimentos,Units,,,,True,False,False,PINARIA,,,,2,,,,NEW_PRODUCT,1,2,MANUAL_REVIEW,MISSING_VALID_PRICE,NO_PRICE,,,,,,,,,queso|mozzarella,COTIZACIONES__DOMINION_BUSINESS_18aa.xlsx
AG-1676,Chuleta FRESCA,consu,Carnes,Units,,,,False,True,False,PINARIA,,,,36,,,,NEW_PRODUCT,2,36,MANUAL_REVIEW,MISSING_VALID_PRICE,NO_PRICE,,,,,,,,,chuleta|fresca,COTIZACIONES__DOMINION_BUSINESS_18aa.xlsx | COTIZACIONES___2023-2024_PIN_ARIAS_2_fddc.xlsx
AG-1679,POLLO FRESCO,consu,Carnes,Units,,,,False,True,False,PINARIA,,,,12,,,,NEW_PRODUCT,2,12,MANUAL_REVIEW,MISSING_VALID_PRICE,NO_PRICE,,,,,,,,,pollo|fresco,COTIZACIONES__DOMINION_BUSINESS_18aa.xlsx | COTIZACIONES___2023-2024_PIN_ARIAS_2_fddc.xlsx
AG-1680,CARNE DE RES Rebanada,consu,Carnes,Units,,,,False,True,False,PINARIA,,,,13,,,,NEW_PRODUCT,2,13,MANUAL_REVIEW,MISSING_VALID_PRICE,NO_PRICE,,,,,,,,,carne|res|rebanada,COTIZACIONES__DOMINION_BUSINESS_18aa.xlsx | COTIZACIONES___2023-2024_PIN_ARIAS_2_fddc.xlsx
AG-1715,Azucarera Pequeña,consu,Alimentos,Units,,,,True,False,False,PINARIA,,,,1,,,,NEW_PRODUCT,1,1,MANUAL_REVIEW,MISSING_VALID_PRICE,NO_PRICE,,,,,,,,,azucarera|pequena,COTIZACIONES__DOMINION_BUSINESS_18aa.xlsx
AG-1761,CARNE DE Cerdo/masa,consu,Carnes,Units,,,,False,True,False,PINARIA,,,,1,,,,NEW_PRODUCT,1,1,MANUAL_REVIEW,MISSING_VALID_PRICE,NO_PRICE,,,,,,,,,carne|cerdo/masa,COTIZACIONES__DOMINION_BUSINESS_18aa.xlsx
AG-1763,Pechuga DE POLLO,consu,Carnes,Units,,,,False,True,False,PINARIA,,,,8,,,,NEW_PRODUCT,2,8,MANUAL_REVIEW,MISSING_VALID_PRICE,NO_PRICE,,,,,,,,,pechuga|pollo,COTIZACIONES__DOMINION_BUSINESS_18aa.xlsx | COTIZACIONES___2023-2024_PIN_ARIAS_2_fddc.xlsx
AG-1791,Bacalao CON ESPINA,consu,Carnes,Units,,,,False,True,False,PINARIA,,,,12,,,,NEW_PRODUCT,2,12,MANUAL_REVIEW,MISSING_VALID_PRICE,NO_PRICE,,,,,,,,,bacalao|espina,COTIZACIONES__DOMINION_BUSINESS_18aa.xlsx | COTIZACIONES___2023-2024_PIN_ARIAS_2_fddc.xlsx
AG-1802,MUSLOS DE POLLO FRESCO,consu,Carnes,Units,,,,False,True,False,PINARIA,,,,4,,,,NEW_PRODUCT,1,4,MANUAL_REVIEW,MISSING_VALID_PRICE,NO_PRICE,,,,,,,,,muslos|pollo|fresco,COTIZACIONES__DOMINION_BUSINESS_18aa.xlsx
AG-1803,Pechuga DE POLLO Deshuesada,consu,Carnes,Units,,,,False,True,False,PINARIA,,,,6,,,,NEW_PRODUCT,1,6,MANUAL_REVIEW,MISSING_VALID_PRICE,NO_PRICE,,,,,,,,,pechuga|pollo|deshuesada,COTIZACIONES__DOMINION_BUSINESS_18aa.xlsx
AG-1805,HUEVOS CARTON 30/1,consu,Alimentos,Units,,,caliber=30/1,True,False,False,PINARIA,,,,4,,,,NEW_PRODUCT,1,4,MANUAL_REVIEW,MISSING_VALID_PRICE,NO_PRICE,,,,,,,,,huevos|carton|30/1|30/1,COTIZACIONES__DOMINION_BUSINESS_18aa.xlsx
AG-1806,AZUCAR CREMA,consu,Alimentos,Units,,,,True,False,False,PINARIA,,,,3,,,,NEW_PRODUCT,2,3,MANUAL_REVIEW,MISSING_VALID_PRICE,NO_PRICE,,,,,,,,,azucar|crema,COTIZACIONES__DOMINION_BUSINESS_18aa.xlsx | COTIZACIONES___2023-2024_PIN_ARIAS_2_fddc.xlsx
AG-1810,LECHE ENTERA Listamilk 1 LT,consu,Alimentos,Units,,,,True,False,False,PINARIA,,,,5,,,,NEW_PRODUCT,1,5,MANUAL_REVIEW,MISSING_VALID_PRICE,NO_PRICE,,,,,,,,,leche|entera|listamilk|1|lt,COTIZACIONES__DOMINION_BUSINESS_18aa.xlsx
AG-1811,LECHE Carnation 312 G,consu,Alimentos,Units,,,,True,False,False,PINARIA,,,,2,,,,NEW_PRODUCT,1,2,MANUAL_REVIEW,MISSING_VALID_PRICE,NO_PRICE,,,,,,,,,leche|carnation|312|g,COTIZACIONES__DOMINION_BUSINESS_18aa.xlsx
AG-1812,LECHE DE COCO,consu,Alimentos,Units,,,,True,False,False,PINARIA,,,,3,,,,NEW_PRODUCT,2,3,MANUAL_REVIEW,MISSING_VALID_PRICE,NO_PRICE,,,,,,,,,leche|coco,COTIZACIONES__DOMINION_BUSINESS_18aa.xlsx | COTIZACIONES___2023-2024_PIN_ARIAS_2_fddc.xlsx
AG-1813,Mayonesa BALDON GALON 1GL,consu,Alimentos,Units,,,presentation=1 gl,True,False,False,PINARIA,,,,5,,,,NEW_PRODUCT,1,5,MANUAL_REVIEW,MISSING_VALID_PRICE,NO_PRICE,,,,,,,,,mayonesa|baldon|galon|1|gal|1 gl,COTIZACIONES__DOMINION_BUSINESS_18aa.xlsx
AG-1815,ARROZ CAMPO Premiun SACO 50LB,consu,Alimentos,Units,,,presentation=50 lb,True,False,False,PINARIA,,,,5,,,,NEW_PRODUCT,1,5,MANUAL_REVIEW,MISSING_VALID_PRICE,NO_PRICE,,,,,,,,,arroz|campo|premiun|saco|50|lb|50 lb,COTIZACIONES__DOMINION_BUSINESS_18aa.xlsx
AG-1826,CALDO DE POLLO MAGGIE,consu,Carnes,Units,,,,False,True,False,PINARIA,,,,5,,,,NEW_PRODUCT,1,5,MANUAL_REVIEW,MISSING_VALID_PRICE,NO_PRICE,,,,,,,,,caldo|pollo|maggie,COTIZACIONES__DOMINION_BUSINESS_18aa.xlsx
AG-1829,HARINA DE MAIZ Mazorca 14 ONZ,consu,Alimentos,Units,,,,True,False,False,PINARIA,,,,5,,,,NEW_PRODUCT,1,5,MANUAL_REVIEW,MISSING_VALID_PRICE,NO_PRICE,,,,,,,,,harina|maiz|mazorca|14|onz,COTIZACIONES__DOMINION_BUSINESS_18aa.xlsx
AG-1830,HARINA DE TRIGO MILANO 2LB,consu,Alimentos,Units,,,presentation=2 lb,True,False,False,PINARIA,,,,2,,,,NEW_PRODUCT,1,2,MANUAL_REVIEW,MISSING_VALID_PRICE,NO_PRICE,,,,,,,,,harina|trigo|milano|2|lb|2 lb,COTIZACIONES__DOMINION_BUSINESS_18aa.xlsx
AG-1832,HARINA DEL Negrito DE 16 OZ,consu,Alimentos,Units,,,,True,False,False,PINARIA,,,,2,,,,NEW_PRODUCT,1,2,MANUAL_REVIEW,MISSING_VALID_PRICE,NO_PRICE,,,,,,,,,harina|negrito|16|oz,COTIZACIONES__DOMINION_BUSINESS_18aa.xlsx
AG-1840,AZUCAR CREMA 5LB,consu,Alimentos,Units,,,presentation=5 lb,True,False,False,PINARIA,,,,1,,,,NEW_PRODUCT,1,1,MANUAL_REVIEW,MISSING_VALID_PRICE,NO_PRICE,,,,,,,,,azucar|crema|5|lb|5 lb,COTIZACIONES__DOMINION_BUSINESS_18aa.xlsx
AG-1846,"Azucarera EN Porcelana BLANCA C/TAPA 2.75"" X 3.14''",consu,Alimentos,Units,,,"size=2.75""",True,False,False,PINARIA,,,,2,,,,NEW_PRODUCT,1,2,MANUAL_REVIEW,MISSING_VALID_PRICE,NO_PRICE,,,,,,,,,"azucarera|porcelana|blanca|c/tapa|2.75""|x|3.14|2.75""",COTIZACIONES__DOMINION_BUSINESS_18aa.xlsx
AG-1881,SALAMI Induveca 3.5LB,consu,Carnes,Units,,,presentation=3.5 lb,False,True,False,PINARIA,,,,2,,,,NEW_PRODUCT,1,2,MANUAL_REVIEW,MISSING_VALID_PRICE,NO_PRICE,,,,,,,,,salami|induveca|3.5|lb|3.5 lb,COTIZACIONES__DOMINION_BUSINESS_18aa.xlsx
AG-1882,AZUCAR CREMA PAQ 10LB,consu,Alimentos,Units,,,presentation=10 lb,True,False,False,PINARIA,,,,3,,,,NEW_PRODUCT,1,3,MANUAL_REVIEW,MISSING_VALID_PRICE,NO_PRICE,,,,,,,,,azucar|crema|paq|10|lb|10 lb,COTIZACIONES__DOMINION_BUSINESS_18aa.xlsx
AG-1883,LECHE BALDOM 377 GR,consu,Alimentos,Units,,,,True,False,False,PINARIA,,,,3,,,,NEW_PRODUCT,1,3,MANUAL_REVIEW,MISSING_VALID_PRICE,NO_PRICE,,,,,,,,,leche|baldom|377|gr,COTIZACIONES__DOMINION_BUSINESS_18aa.xlsx
AG-1884,LECHE DE COCO LA FAMOSA 444ML,consu,Alimentos,Units,,,,True,False,False,PINARIA,,,,3,,,,NEW_PRODUCT,1,3,MANUAL_REVIEW,MISSING_VALID_PRICE,NO_PRICE,,,,,,,,,leche|coco|famosa|444ml,COTIZACIONES__DOMINION_BUSINESS_18aa.xlsx
AG-1890,HARINA DEL Negrito DE 28 OZ,consu,Alimentos,Units,,,,True,False,False,PINARIA,,,,3,,,,NEW_PRODUCT,1,3,MANUAL_REVIEW,MISSING_VALID_PRICE,NO_PRICE,,,,,,,,,harina|negrito|28|oz,COTIZACIONES__DOMINION_BUSINESS_18aa.xlsx
AG-1895,CREMA DE LECHE RICA 330 ML,consu,Alimentos,Units,,,,True,False,False,PINARIA,,,,3,,,,NEW_PRODUCT,1,3,MANUAL_REVIEW,MISSING_VALID_PRICE,NO_PRICE,,,,,,,,,crema|leche|rica|330|ml,COTIZACIONES__DOMINION_BUSINESS_18aa.xlsx
AG-1900,LIBRA DE Chuleta Ahumada,consu,Carnes,Units,,,,False,True,False,PINARIA,,,,8,,,,NEW_PRODUCT,3,7,MANUAL_REVIEW,MISSING_VALID_PRICE,NO_PRICE,,,,,,,,,libra|chuleta|ahumada,COTIZACIONES__DOMINION_BUSINESS_18aa.xlsx | COTIZACIONES___2023-2024_PIN_ARIAS_2_fddc.xlsx | COTIZACION_-2026_MAYO_4932.xlsx
AG-1903,Pechuga,consu,Carnes,Units,,,,False,True,False,PINARIA,,,,1,,,,NEW_PRODUCT,1,1,MANUAL_REVIEW,MISSING_VALID_PRICE,NO_PRICE,,,,,,,,,pechuga,COTIZACIONES__DOMINION_BUSINESS_18aa.xlsx
AG-1904,POLLO (13 UND),consu,Carnes,Units,,,,False,True,False,PINARIA,,,,1,,,,NEW_PRODUCT,1,1,MANUAL_REVIEW,MISSING_VALID_PRICE,NO_PRICE,,,,,,,,,pollo|13|und,COTIZACIONES__DOMINION_BUSINESS_18aa.xlsx
AG-1912,Azucarera 8x11 Cm HAUS,consu,Alimentos,Units,,,,True,False,False,PINARIA,,,,1,,,,NEW_PRODUCT,1,1,MANUAL_REVIEW,MISSING_VALID_PRICE,NO_PRICE,,,,,,,,,azucarera|8x11|cm|haus,COTIZACIONES__DOMINION_BUSINESS_18aa.xlsx
AG-2171,CARNE DE RES MOLIDA,consu,Carnes,Units,,,,False,True,False,PINARIA,,,,6,,,,NEW_PRODUCT,1,6,MANUAL_REVIEW,MISSING_VALID_PRICE,NO_PRICE,,,,,,,,,carne|res|molida,COTIZACIONES___2023-2024_PIN_ARIAS_2_fddc.xlsx
AG-2172,Pechuga DE POLLO 50/1 LBS,consu,Carnes,Units,,,caliber=50/1 presentation=1 lbs,False,True,False,PINARIA,,,,1,,,,NEW_PRODUCT,1,1,MANUAL_REVIEW,MISSING_VALID_PRICE,NO_PRICE,,,,,,,,,pechuga|pollo|50/1|lb|50/1|1 lbs,COTIZACIONES___2023-2024_PIN_ARIAS_2_fddc.xlsx
AG-2173,CARNE DE RES #7,consu,Carnes,Units,,,,False,True,False,PINARIA,,,,2,,,,NEW_PRODUCT,1,2,MANUAL_REVIEW,MISSING_VALID_PRICE,NO_PRICE,,,,,,,,,carne|res|7,COTIZACIONES___2023-2024_PIN_ARIAS_2_fddc.xlsx
AG-2174,HUEVO 30/1,consu,Alimentos,Units,,,caliber=30/1,True,False,False,PINARIA,,,,2,,,,NEW_PRODUCT,1,2,MANUAL_REVIEW,MISSING_VALID_PRICE,NO_PRICE,,,,,,,,,huevo|30/1|30/1,COTIZACIONES___2023-2024_PIN_ARIAS_2_fddc.xlsx
AG-2176,JAMON 5/1 LBS,consu,Carnes,Units,,,caliber=5/1 presentation=1 lbs,False,True,False,PINARIA,,,,1,,,,NEW_PRODUCT,1,1,MANUAL_REVIEW,MISSING_VALID_PRICE,NO_PRICE,,,,,,,,,jamon|5/1|lb|5/1|1 lbs,COTIZACIONES___2023-2024_PIN_ARIAS_2_fddc.xlsx
AG-2177,QUESO Amarillo 5/1 LBS,consu,Alimentos,Units,,,caliber=5/1 presentation=1 lbs,True,False,False,PINARIA,,,,1,,,,NEW_PRODUCT,1,1,MANUAL_REVIEW,MISSING_VALID_PRICE,NO_PRICE,,,,,,,,,queso|amarillo|5/1|lb|5/1|1 lbs,COTIZACIONES___2023-2024_PIN_ARIAS_2_fddc.xlsx
AG-2178,QUESO BLANCO 5/1 LBS,consu,Alimentos,Units,,,caliber=5/1 presentation=1 lbs,True,False,False,PINARIA,,,,1,,,,NEW_PRODUCT,1,1,MANUAL_REVIEW,MISSING_VALID_PRICE,NO_PRICE,,,,,,,,,queso|blanco|5/1|lb|5/1|1 lbs,COTIZACIONES___2023-2024_PIN_ARIAS_2_fddc.xlsx
AG-2179,SALAMI 3.2/1 LBS,consu,Carnes,Units,,,caliber=2/1 presentation=1 lbs,False,True,False,PINARIA,,,,1,,,,NEW_PRODUCT,1,1,MANUAL_REVIEW,MISSING_VALID_PRICE,NO_PRICE,,,,,,,,,salami|3.2/1|lb|2/1|1 lbs,COTIZACIONES___2023-2024_PIN_ARIAS_2_fddc.xlsx
AG-2180,JAMON 5/1,consu,Carnes,Units,,,caliber=5/1,False,True,False,PINARIA,,,,1,,,,NEW_PRODUCT,1,1,MANUAL_REVIEW,MISSING_VALID_PRICE,NO_PRICE,,,,,,,,,jamon|5/1|5/1,COTIZACIONES___2023-2024_PIN_ARIAS_2_fddc.xlsx
AG-2181,QUESO BLANCO 5/1,consu,Alimentos,Units,,,caliber=5/1,True,False,False,PINARIA,,,,1,,,,NEW_PRODUCT,1,1,MANUAL_REVIEW,MISSING_VALID_PRICE,NO_PRICE,,,,,,,,,queso|blanco|5/1|5/1,COTIZACIONES___2023-2024_PIN_ARIAS_2_fddc.xlsx
AG-2182,SALAMI,consu,Carnes,Units,,,,False,True,False,PINARIA,,,,1,,,,NEW_PRODUCT,1,1,MANUAL_REVIEW,MISSING_VALID_PRICE,NO_PRICE,,,,,,,,,salami,COTIZACIONES___2023-2024_PIN_ARIAS_2_fddc.xlsx
AG-2187,Yogourt YOKA SIN AZUCAR,consu,Alimentos,Units,,,,True,False,False,PINARIA,,,,1,,,,NEW_PRODUCT,1,1,MANUAL_REVIEW,MISSING_VALID_PRICE,NO_PRICE,,,,,,,,,yogourt|yoka|sin|azucar,COTIZACIONES___2023-2024_PIN_ARIAS_2_fddc.xlsx
AG-2192,Costilla CON FALDA,consu,Carnes,Units,,,,False,True,False,PINARIA,,,,2,,,,NEW_PRODUCT,1,2,MANUAL_REVIEW,MISSING_VALID_PRICE,NO_PRICE,,,,,,,,,costilla|falda,COTIZACIONES___2023-2024_PIN_ARIAS_2_fddc.xlsx
AG-2198,LIBRA DE CARNE DE RES MOLIDA,consu,Carnes,Units,,,,False,True,False,PINARIA,,,,2,,,,NEW_PRODUCT,1,2,MANUAL_REVIEW,MISSING_VALID_PRICE,NO_PRICE,,,,,,,,,libra|carne|res|molida,COTIZACIONES___2023-2024_PIN_ARIAS_2_fddc.xlsx
AG-2199,LIBRA DE Costilla Ahumada,consu,Carnes,Units,,,,False,True,False,PINARIA,,,,1,,,,NEW_PRODUCT,1,1,MANUAL_REVIEW,MISSING_VALID_PRICE,NO_PRICE,,,,,,,,,libra|costilla|ahumada,COTIZACIONES___2023-2024_PIN_ARIAS_2_fddc.xlsx
AG-2200,LIBRA DE Costilla,consu,Carnes,Units,,,,False,True,False,PINARIA,,,,1,,,,NEW_PRODUCT,1,1,MANUAL_REVIEW,MISSING_VALID_PRICE,NO_PRICE,,,,,,,,,libra|costilla,COTIZACIONES___2023-2024_PIN_ARIAS_2_fddc.xlsx
AG-2208,Bandeja DE MORO DE Habichuelas NEGRAS,consu,Alimentos,Units,,,,True,False,False,PINARIA,,,,1,,,,NEW_PRODUCT,1,1,MANUAL_REVIEW,MISSING_VALID_PRICE,NO_PRICE,,,,,,,,,bandeja|moro|habichuelas|negras,COTIZACIONES___2023-2024_PIN_ARIAS_2_fddc.xlsx
AG-2210,Bandeja DE POLLOS Horneados,consu,Carnes,Units,,,,False,True,False,PINARIA,,,,1,,,,NEW_PRODUCT,1,1,MANUAL_REVIEW,MISSING_VALID_PRICE,NO_PRICE,,,,,,,,,bandeja|pollos|horneados,COTIZACIONES___2023-2024_PIN_ARIAS_2_fddc.xlsx
AG-2211,Bandeja DE Pastelon DE Platano MADURO,consu,Alimentos,Units,,,,True,False,False,PINARIA,,,,1,,,,NEW_PRODUCT,1,1,MANUAL_REVIEW,MISSING_VALID_PRICE,NO_PRICE,,,,,,,,,bandeja|pastelon|platano|maduro,COTIZACIONES___2023-2024_PIN_ARIAS_2_fddc.xlsx
AG-2213,ARROZ Selecto LA CIGUA GRADO A (PAQ 5 LB) 12/1,consu,Alimentos,Units,,,caliber=12/1 presentation=5 lb,True,False,False,PINARIA,,,,3,1850.0,1850.0,1850.0,NEW_PRODUCT,1,3,CREATE_PIÑARIA_PRODUCT,,SINGLE,COTIZACIONES___2023-2024_PIN_ARIAS_2_fddc.xlsx,Hoja2,21,QUOTATION,ARROZ SELECTO LA CIGUA GRADO A (PAQ 5 LB) 12/1,1875.0,1850.0,DOP,arroz|selecto|cigua|grado|a|paq|5|lb|12/1|5 lb,COTIZACIONES___2023-2024_PIN_ARIAS_2_fddc.xlsx
AG-2218,Habichuelas PINTAS DON Rodrigo 400G 30/1,consu,Alimentos,Units,,,caliber=30/1,True,False,False,PINARIA,,,,3,1200.0,1200.0,1200.0,NEW_PRODUCT,1,3,CREATE_PIÑARIA_PRODUCT,,SINGLE,COTIZACIONES___2023-2024_PIN_ARIAS_2_fddc.xlsx,Hoja2,26,QUOTATION,HABICHUELAS PINTAS DON RODRIGO 400G 30/1,750.0,1200.0,DOP,habichuelas|pintas|don|rodrigo|400g|30/1|30/1,COTIZACIONES___2023-2024_PIN_ARIAS_2_fddc.xlsx
AG-2221,LECHE EN POLVO MILEX 125GR 48/1,consu,Alimentos,Units,,,caliber=48/1,True,False,False,PINARIA,,,,3,3505.0,3505.0,3505.0,NEW_PRODUCT,1,3,CREATE_PIÑARIA_PRODUCT,,SINGLE,COTIZACIONES___2023-2024_PIN_ARIAS_2_fddc.xlsx,Hoja2,29,QUOTATION,LECHE EN POLVO MILEX 125GR 48/1,471.0,3505.0,DOP,leche|polvo|milex|125gr|48/1|48/1,COTIZACIONES___2023-2024_PIN_ARIAS_2_fddc.xlsx
AG-2232,POLLO ENTERO GRANDE Y FRESCO,consu,Carnes,Units,,,,False,True,False,PINARIA,,,,2,,,,NEW_PRODUCT,1,2,MANUAL_REVIEW,MISSING_VALID_PRICE,NO_PRICE,,,,,,,,,pollo|entero|grande|fresco,COTIZACIONES___2023-2024_PIN_ARIAS_2_fddc.xlsx
AG-2237,Chuleta Ahumada (lonjeada),consu,Carnes,Units,,,,False,True,False,PINARIA,,,,1,,,,NEW_PRODUCT,1,1,MANUAL_REVIEW,MISSING_VALID_PRICE,NO_PRICE,,,,,,,,,chuleta|ahumada|lonjeada,COTIZACIONES___2023-2024_PIN_ARIAS_2_fddc.xlsx
AG-2238,JAMON PICNIC (5LB),consu,Carnes,Units,,,presentation=5 lb,False,True,False,PINARIA,,,,1,,,,NEW_PRODUCT,1,1,MANUAL_REVIEW,MISSING_VALID_PRICE,NO_PRICE,,,,,,,,,jamon|picnic|5|lb|5 lb,COTIZACIONES___2023-2024_PIN_ARIAS_2_fddc.xlsx
AG-2239,SALAMI (3.41 LB),consu,Carnes,Units,,,presentation=3.41 lb,False,True,False,PINARIA,,,,1,,,,NEW_PRODUCT,1,1,MANUAL_REVIEW,MISSING_VALID_PRICE,NO_PRICE,,,,,,,,,salami|3.41|lb|3.41 lb,COTIZACIONES___2023-2024_PIN_ARIAS_2_fddc.xlsx
AG-2240,QUESO CHEDAR (5 LB),consu,Alimentos,Units,,,presentation=5 lb,True,False,False,PINARIA,,,,1,,,,NEW_PRODUCT,1,1,MANUAL_REVIEW,MISSING_VALID_PRICE,NO_PRICE,,,,,,,,,queso|chedar|5|lb|5 lb,COTIZACIONES___2023-2024_PIN_ARIAS_2_fddc.xlsx
AG-2241,QUESO DANES (5LB),consu,Alimentos,Units,,,presentation=5 lb,True,False,False,PINARIA,,,,1,,,,NEW_PRODUCT,1,1,MANUAL_REVIEW,MISSING_VALID_PRICE,NO_PRICE,,,,,,,,,queso|danes|5|lb|5 lb,COTIZACIONES___2023-2024_PIN_ARIAS_2_fddc.xlsx
AG-2242,QUESO CREMA (5 LB),consu,Alimentos,Units,,,presentation=5 lb,True,False,False,PINARIA,,,,1,,,,NEW_PRODUCT,1,1,MANUAL_REVIEW,MISSING_VALID_PRICE,NO_PRICE,,,,,,,,,queso|crema|5|lb|5 lb,COTIZACIONES___2023-2024_PIN_ARIAS_2_fddc.xlsx
AG-2243,QUESO BLANCO DE FREIR (5LB),consu,Alimentos,Units,,,presentation=5 lb,True,False,False,PINARIA,,,,1,,,,NEW_PRODUCT,1,1,MANUAL_REVIEW,MISSING_VALID_PRICE,NO_PRICE,,,,,,,,,queso|blanco|freir|5|lb|5 lb,COTIZACIONES___2023-2024_PIN_ARIAS_2_fddc.xlsx
AG-2247,AZUCAR CREMA 2 LB Cristal,consu,Alimentos,Units,,,presentation=2 lb,True,False,False,PINARIA,,,,1,,,,NEW_PRODUCT,1,1,MANUAL_REVIEW,MISSING_VALID_PRICE,NO_PRICE,,,,,,,,,azucar|crema|2|lb|cristal|2 lb,COTIZACIONES___2023-2024_PIN_ARIAS_2_fddc.xlsx
AG-2248,AZUCAR Dietetica Splenda 300/1,consu,Alimentos,Units,,,caliber=300/1,True,False,False,PINARIA,,,,1,,,,NEW_PRODUCT,1,1,MANUAL_REVIEW,MISSING_VALID_PRICE,NO_PRICE,,,,,,,,,azucar|dietetica|splenda|300/1|300/1,COTIZACIONES___2023-2024_PIN_ARIAS_2_fddc.xlsx
AG-2250,LECHE ENTERA,consu,Alimentos,Units,,,,True,False,False,PINARIA,,,,1,,,,NEW_PRODUCT,1,1,MANUAL_REVIEW,MISSING_VALID_PRICE,NO_PRICE,,,,,,,,,leche|entera,COTIZACIONES___2023-2024_PIN_ARIAS_2_fddc.xlsx
AG-2251,LECHE Evaporada,consu,Alimentos,Units,,,,True,False,False,PINARIA,,,,1,,,,NEW_PRODUCT,1,1,MANUAL_REVIEW,MISSING_VALID_PRICE,NO_PRICE,,,,,,,,,leche|evaporada,COTIZACIONES___2023-2024_PIN_ARIAS_2_fddc.xlsx
AG-2253,Mantequilla GRANDE,consu,Alimentos,Units,,,,True,False,False,PINARIA,,,,1,,,,NEW_PRODUCT,1,1,MANUAL_REVIEW,MISSING_VALID_PRICE,NO_PRICE,,,,,,,,,mantequilla|grande,COTIZACIONES___2023-2024_PIN_ARIAS_2_fddc.xlsx
AG-2254,ARROZ BLANCO 50LB,consu,Alimentos,Units,,,presentation=50 lb,True,False,False,PINARIA,,,,1,,,,NEW_PRODUCT,1,1,MANUAL_REVIEW,MISSING_VALID_PRICE,NO_PRICE,,,,,,,,,arroz|blanco|50|lb|50 lb,COTIZACIONES___2023-2024_PIN_ARIAS_2_fddc.xlsx
AG-2261,CALDO DE POLLO,consu,Carnes,Units,,,,False,True,False,PINARIA,,,,1,,,,NEW_PRODUCT,1,1,MANUAL_REVIEW,MISSING_VALID_PRICE,NO_PRICE,,,,,,,,,caldo|pollo,COTIZACIONES___2023-2024_PIN_ARIAS_2_fddc.xlsx
AG-2262,HARINA D TRIGO,consu,Alimentos,Units,,,,True,False,False,PINARIA,,,,1,,,,NEW_PRODUCT,1,1,MANUAL_REVIEW,MISSING_VALID_PRICE,NO_PRICE,,,,,,,,,harina|d|trigo,COTIZACIONES___2023-2024_PIN_ARIAS_2_fddc.xlsx
AG-2264,HARINA DE Negrito,consu,Alimentos,Units,,,,True,False,False,PINARIA,,,,1,,,,NEW_PRODUCT,1,1,MANUAL_REVIEW,MISSING_VALID_PRICE,NO_PRICE,,,,,,,,,harina|negrito,COTIZACIONES___2023-2024_PIN_ARIAS_2_fddc.xlsx
AG-2266,HARINA DE MAIZ,consu,Alimentos,Units,,,,True,False,False,PINARIA,,,,2,,,,NEW_PRODUCT,2,2,MANUAL_REVIEW,MISSING_VALID_PRICE,NO_PRICE,,,,,,,,,harina|maiz,COTIZACIONES___2023-2024_PIN_ARIAS_2_fddc.xlsx | cotizacion_del_marcelino_9bd9.xlsx
AG-2270,CREMA DE LECHE,consu,Alimentos,Units,,,,True,False,False,PINARIA,,,,1,,,,NEW_PRODUCT,1,1,MANUAL_REVIEW,MISSING_VALID_PRICE,NO_PRICE,,,,,,,,,crema|leche,COTIZACIONES___2023-2024_PIN_ARIAS_2_fddc.xlsx
AG-2271,CARNE DE CERDO EN TIRAS,consu,Carnes,Units,,,,False,True,False,PINARIA,,,,1,,,,NEW_PRODUCT,1,1,MANUAL_REVIEW,MISSING_VALID_PRICE,NO_PRICE,,,,,,,,,carne|cerdo|tiras,COTIZACIONES___2023-2024_PIN_ARIAS_2_fddc.xlsx
AG-2273,Lasaña De Queso,consu,Alimentos,Units,,,,True,False,False,PINARIA,,,,1,,,,NEW_PRODUCT,1,1,MANUAL_REVIEW,MISSING_VALID_PRICE,NO_PRICE,,,,,,,,,lasana|queso,COTIZACION_-2026_MAYO_4932.xlsx
AG-2274,Lasaña De Pollo,consu,Carnes,Units,,,,False,True,False,PINARIA,,,,1,,,,NEW_PRODUCT,1,1,MANUAL_REVIEW,MISSING_VALID_PRICE,NO_PRICE,,,,,,,,,lasana|pollo,COTIZACION_-2026_MAYO_4932.xlsx
AG-2275,Pollo Horneado,consu,Carnes,Units,,,,False,True,False,PINARIA,,,,1,,,,NEW_PRODUCT,1,1,MANUAL_REVIEW,MISSING_VALID_PRICE,NO_PRICE,,,,,,,,,pollo|horneado,COTIZACION_-2026_MAYO_4932.xlsx
AG-2277,Moro De Habichuela Roja,consu,Alimentos,Units,,,,True,False,False,PINARIA,,,,1,,,,NEW_PRODUCT,1,1,MANUAL_REVIEW,MISSING_VALID_PRICE,NO_PRICE,,,,,,,,,moro|habichuela|roja,COTIZACION_-2026_MAYO_4932.xlsx
AG-2278,Moro De Habichuela Negra,consu,Alimentos,Units,,,,True,False,False,PINARIA,,,,1,,,,NEW_PRODUCT,1,1,MANUAL_REVIEW,MISSING_VALID_PRICE,NO_PRICE,,,,,,,,,moro|habichuela|negra,COTIZACION_-2026_MAYO_4932.xlsx
AG-2523,SACO DE ARROZ AA 125LB,consu,Alimentos,Units,,,presentation=125 lb,True,False,False,PINARIA,,,,1,,,,NEW_PRODUCT,1,1,MANUAL_REVIEW,MISSING_VALID_PRICE,NO_PRICE,,,,,,,,,saco|arroz|aa|125|lb|125 lb,cotizacion_del_marcelino_9bd9.xlsx
AG-2524,SACO DE AZUCAR CREMA 125LB,consu,Alimentos,Units,,,presentation=125 lb,True,False,False,PINARIA,,,,1,,,,NEW_PRODUCT,1,1,MANUAL_REVIEW,MISSING_VALID_PRICE,NO_PRICE,,,,,,,,,saco|azucar|crema|125|lb|125 lb,cotizacion_del_marcelino_9bd9.xlsx
AG-2526,SACOS DE Habichuelas GIRA 100LB,consu,Alimentos,Units,,,presentation=100 lb,True,False,False,PINARIA,,,,1,,,,NEW_PRODUCT,1,1,MANUAL_REVIEW,MISSING_VALID_PRICE,NO_PRICE,,,,,,,,,sacos|habichuelas|gira|100|lb|100 lb,cotizacion_del_marcelino_9bd9.xlsx
AG-2527,SACOS DE Habichuelas ROJAS 100LB,consu,Alimentos,Units,,,presentation=100 lb,True,False,False,PINARIA,,,,1,,,,NEW_PRODUCT,1,1,MANUAL_REVIEW,MISSING_VALID_PRICE,NO_PRICE,,,,,,,,,sacos|habichuelas|rojas|100|lb|100 lb,cotizacion_del_marcelino_9bd9.xlsx
AG-2528,SACOS DE Habichuelas NEGRAS 100LB,consu,Alimentos,Units,,,presentation=100 lb,True,False,False,PINARIA,,,,1,,,,NEW_PRODUCT,1,1,MANUAL_REVIEW,MISSING_VALID_PRICE,NO_PRICE,,,,,,,,,sacos|habichuelas|negras|100|lb|100 lb,cotizacion_del_marcelino_9bd9.xlsx
AG-2531,SACO DE HARINA DE TRIGO 50LB Blanquita,consu,Alimentos,Units,,,presentation=50 lb,True,False,False,PINARIA,,,,1,,,,NEW_PRODUCT,1,1,MANUAL_REVIEW,MISSING_VALID_PRICE,NO_PRICE,,,,,,,,,saco|harina|trigo|50|lb|blanquita|50 lb,cotizacion_del_marcelino_9bd9.xlsx
AG-2534,HARINA DEL Negrito 40/1 425 GR,consu,Alimentos,Units,,,caliber=40/1,True,False,False,PINARIA,,,,1,,,,NEW_PRODUCT,1,1,MANUAL_REVIEW,MISSING_VALID_PRICE,NO_PRICE,,,,,,,,,harina|negrito|40/1|425|gr|40/1,cotizacion_del_marcelino_9bd9.xlsx
AG-2540,CAJA DE LECHE DE COCO 24/1,consu,Alimentos,Units,,,caliber=24/1,True,False,False,PINARIA,,,,1,,,,NEW_PRODUCT,1,1,MANUAL_REVIEW,MISSING_VALID_PRICE,NO_PRICE,,,,,,,,,caja|leche|coco|24/1|24/1,cotizacion_del_marcelino_9bd9.xlsx
AG-2543,CAJA DE LECHE Evaporada 48/1 Carnation,consu,Alimentos,Units,,,caliber=48/1,True,False,False,PINARIA,,,,1,,,,NEW_PRODUCT,1,1,MANUAL_REVIEW,MISSING_VALID_PRICE,NO_PRICE,,,,,,,,,caja|leche|evaporada|48/1|carnation|48/1,cotizacion_del_marcelino_9bd9.xlsx
AG-2545,CAJA DE TUNA EN TROZOS EN ACEITE Vegetal 24/1 CHERRY S. TROZO,consu,Alimentos,Units,,,caliber=24/1,True,False,False,PINARIA,,,,1,,,,NEW_PRODUCT,1,1,MANUAL_REVIEW,MISSING_VALID_PRICE,NO_PRICE,,,,,,,,,caja|tuna|trozos|aceite|vegetal|24/1|cherry|s.|24/1,cotizacion_del_marcelino_9bd9.xlsx
AG-2546,CAJA DE Mayonesa C/4 POSTES DE 5LB BALDOM,consu,Alimentos,Units,,,presentation=5 lb,True,False,False,PINARIA,,,,1,,,,NEW_PRODUCT,1,1,MANUAL_REVIEW,MISSING_VALID_PRICE,NO_PRICE,,,,,,,,,caja|mayonesa|c/4|postes|5|lb|baldom|5 lb,cotizacion_del_marcelino_9bd9.xlsx
AG-2547,CAJAS DE Mantequilla C4 TARROS DE 5LB,consu,Alimentos,Units,,,presentation=5 lb,True,False,False,PINARIA,,,,1,,,,NEW_PRODUCT,1,1,MANUAL_REVIEW,MISSING_VALID_PRICE,NO_PRICE,,,,,,,,,cajas|mantequilla|c4|tarros|5|lb|5 lb,cotizacion_del_marcelino_9bd9.xlsx
AG-2552,FUNDA DE LECHE EN POLVO DE 55LB INCO,consu,Alimentos,Units,,,presentation=55 lb,True,False,False,PINARIA,,,,1,,,,NEW_PRODUCT,1,1,MANUAL_REVIEW,MISSING_VALID_PRICE,NO_PRICE,,,,,,,,,funda|leche|polvo|55|lb|inco|55 lb,cotizacion_del_marcelino_9bd9.xlsx
AG-2558,ACEITE Vegetal GL FIGARO,consu,Alimentos,Units,,,,True,False,False,PINARIA,,,,1,,,,NEW_PRODUCT,1,1,MANUAL_REVIEW,MISSING_VALID_PRICE,NO_PRICE,,,,,,,,,aceite|vegetal|gal|figaro,cotizacion_del_marcelino_9bd9.xlsx
