REVIEW_ID,RAW_DESCRIPTION,ORIGINAL_REASON,NEW_CLASSIFICATION,MATCHED_PRODUCT_ID,MATCHED_PRODUCT,VALID_PRICE_FOUND,CURRENT_LIST_PRICE,PROPOSED_LIST_PRICE,PROPOSED_LIST_PRICE_2_DECIMALS,ACTION,CONFIDENCE,SOURCE,IS_FOOD,IS_MEAT,IS_SERVICE,PRICE_RULE,PRICE_EVIDENCE_FILE,PRICE_EVIDENCE_SHEET,PRICE_EVIDENCE_ROW,IDENTITY_KEY,ORIGINAL_REASONS
AG-0011,Direccion Tecnica,PRICE_OUTLIER_REVIEW;MISSING_VALID_PRICE,NON_PRODUCT,,,,,,,IGNORE_NON_PRODUCT,HIGH,COTIZACIONES_0.2_b68c.xlsx | COTIZACIONES__REMPART_GROUP_2_3578.xlsx | COTIZACIONES_b089.xlsx,False,False,True,PRICE_OUTLIER_REVIEW,,,,direccion|tecnica,PRICE_OUTLIER_REVIEW|MISSING_VALID_PRICE
AG-0012,Transporte,PRICE_OUTLIER_REVIEW;MISSING_VALID_PRICE,SERVICE,,,,,0.0,0.00,MAP_TO_SERVICES,HIGH,COTIZACIONES_0.2_b68c.xlsx | COTIZACIONES_DORALEX_SRL_bb53.xlsx | COTIZACIONES_DORALEX_f72a.xlsx | COTIZACIONES__REMPART_GROUP_2_3578.xlsx | COTIZACIONES_b089.xlsx,False,False,True,PRICE_OUTLIER_REVIEW,,,,transporte,PRICE_OUTLIER_REVIEW|MISSING_VALID_PRICE
AG-0074,Alambre #8 AWG,PRICE_OUTLIER_REVIEW;MISSING_VALID_PRICE,NEW_PRODUCT_WITHOUT_PRICE,,,,,,,KEEP_MANUAL_REVIEW,HIGH,COTIZACIONES_0.2_b68c.xlsx | COTIZACIONES_DORALEX_SRL_bb53.xlsx | COTIZACIONES__REMPART_GROUP_2_3578.xlsx,False,False,False,PRICE_OUTLIER_REVIEW,,,,alambre|8|awg,PRICE_OUTLIER_REVIEW|MISSING_VALID_PRICE
AG-0107,Conector KIT,PRICE_OUTLIER_REVIEW;MISSING_VALID_PRICE,NEW_PRODUCT_WITHOUT_PRICE,,,,,,,KEEP_MANUAL_REVIEW,HIGH,COTIZACIONES_0.2_b68c.xlsx | COTIZACIONES_DORALEX_SRL_bb53.xlsx | COTIZACIONES__REMPART_GROUP_2_3578.xlsx,False,False,False,PRICE_OUTLIER_REVIEW,,,,conector|kit,PRICE_OUTLIER_REVIEW|MISSING_VALID_PRICE
AG-0199,Varilla 1/4,PRICE_OUTLIER_REVIEW;MISSING_VALID_PRICE,NEW_PRODUCT_WITHOUT_PRICE,,,,,,,KEEP_MANUAL_REVIEW,HIGH,COTIZACIONES_0.2_b68c.xlsx | COTIZACIONES_DORALEX_SRL_bb53.xlsx | COTIZACIONES_DORALEX_f72a.xlsx | COTIZACIONES__REMPART_GROUP_2_3578.xlsx,False,False,False,PRICE_OUTLIER_REVIEW,,,,varilla|1/4|1/4,PRICE_OUTLIER_REVIEW|MISSING_VALID_PRICE
AG-0367,"Impermiabilizacion De Techo, A Base De Lona Asfaltica 4kg Granular (5mm) De Espesor Y",PRICE_OUTLIER_REVIEW;MISSING_VALID_PRICE,NEW_PRODUCT_WITHOUT_PRICE,,,,,,,KEEP_MANUAL_REVIEW,HIGH,COTIZACIONES_0.2_b68c.xlsx | COTIZACIONES__REMPART_GROUP_2_3578.xlsx,False,False,False,PRICE_OUTLIER_REVIEW,,,,impermiabilizacion|techo|a|base|lona|asfaltica|4|kg|4 kg,PRICE_OUTLIER_REVIEW|MISSING_VALID_PRICE
AG-0370,Puerta Polimetal 2.10x1 M,PRICE_OUTLIER_REVIEW;MISSING_VALID_PRICE,NEW_PRODUCT_WITHOUT_PRICE,,,,,,,KEEP_MANUAL_REVIEW,HIGH,COTIZACIONES_0.2_b68c.xlsx | COTIZACIONES__REMPART_GROUP_2_3578.xlsx,False,False,False,PRICE_OUTLIER_REVIEW,,,,puerta|polimetal|2.10x1|m,PRICE_OUTLIER_REVIEW|MISSING_VALID_PRICE
AG-0471,Barrena 3/8 Concreto IRWIN,PRICE_OUTLIER_REVIEW;MISSING_VALID_PRICE,NEW_PRODUCT_WITHOUT_PRICE,,,,,,,KEEP_MANUAL_REVIEW,HIGH,COTIZACIONES_0.2_b68c.xlsx | COTIZACIONES__REMPART_GROUP_2_3578.xlsx,False,False,False,PRICE_OUTLIER_REVIEW,,,,barrena|3/8|concreto|irwin|3/8,PRICE_OUTLIER_REVIEW|MISSING_VALID_PRICE
AG-0769,Artista,PRICE_OUTLIER_REVIEW;MISSING_VALID_PRICE,NON_PRODUCT,,,,,,,IGNORE_NON_PRODUCT,HIGH,COTIZACIONES_0.2_b68c.xlsx | FORMATO_DE_COTIZACION_2_21f4.xlsx,False,False,False,PRICE_OUTLIER_REVIEW,,,,artista,PRICE_OUTLIER_REVIEW|MISSING_VALID_PRICE
