MODULE	SOURCE_VERSION	DORALEX_VERSION	SOURCE_HASH	DORALEX_HASH	STATUS
bi_convert_purchase_from_sales	19.0.0.0	19.0.0.0	0056c2be35272b6525343c27897f0336f61fb356b21c94d14053ccc4a0f1c07b	703e8a9f5e13b526a6da4ec091be12ec1af8c5895c116a6b76009b3d48b7d90a	DIFFERENT
justech_accounting_recovery	19.0.1.4.0	19.0.1.4.0	0177d22c552e3e56d35846346d9b7bdea32b4b7922ebf24e6e269e1a43d4b6e1	0177d22c552e3e56d35846346d9b7bdea32b4b7922ebf24e6e269e1a43d4b6e1	MATCH
justech_admin_center	19.0.2.12.1		7515f4d4177cea9690f44e9bde1ab2ca4240a4cf701b1b317ea0936fc33e24ab		MISSING
justech_alexander_admin		19.0.1.0.1		d8703db97c6c48165434ea068f9003a5e6d02b633fd08c676699f27e13c1c7ff	DORALEX_ONLY
justech_alexander_base		19.0.1.0.3		27e3403e25842a8f969a5d7f7c66e6b4e58d3c23239d7b9958a7ce9f8e60f65b	DORALEX_ONLY
justech_alexander_microsoft_mail		19.0.1.0.4		c200ac6ec152f7f27987311aa304d1d4b9e04474e1e565499bb815ab4549ca42	DORALEX_ONLY
justech_alexander_reports		19.0.3.8.5		4ec3f6c3163f52035d059a46aca59fd5587a0ee369a0bcc5ccb5d2508780bd3a	DORALEX_ONLY
justech_alexander_website		19.0.1.0.7		ded453f7f78a1a5dd83a65fd30b74ec0ab4cb6cd93b38774b706439d0b6a57c2	DORALEX_ONLY
justech_approval_flow	19.0.1.3.8		5b0af6c3641849751064a7ce11c909f88d8a435aed908198b2a599a8524ca156		MISSING
justech_core	19.0.1.0.0	19.0.1.0.0	8a50613a6bc1f19587b9042dd9a136e96c4b24f53c22db1995dcea7204be761e	b77698941ad51fc1c0fb989472a80a4ca58f0d02a0b2970178be43e8d6940c78	DIFFERENT
justech_dgcp_bridge	19.0.1.3.1		22f51837691f4a2b3bd0e07f1b998f0681d50f69b0c22799363d55861ba08825		MISSING
justech_ecf_admin	19.0.1.3.0		60aab5b29f2eec4bbc1b3f30837badb6adce2dfe4f2d96c5417126bef0833ed0		MISSING
justech_ecf_core	19.0.1.2.1		f7ec3aa392d80753b45b3802d3d341b2d75763acf4ef4dadc1dfef4773d61897		MISSING
justech_ecf_dgii	19.0.1.0.0		edd695b8e13a9465b686b61f6d750553cbd7af2c675be6f047e69afb6af05f0e		MISSING
justech_ecf_queue	19.0.1.0.0		0c319cd003f6a464b6bd371550f740f89cac522e3b2ff5588b0acb8244b6fd13		MISSING
justech_ecf_signature	19.0.1.1.0		a8125c6b3b27d1dab395286654e8c7c35cb51fe15357aa82e824c826b28d07dd		MISSING
justech_ecf_xml	19.0.1.0.0		bf7d215331cf86e4189f2facc6ca608bd367481bd63284cead93436f28a49995		MISSING
justech_fiscal_admin	19.0.1.10.0	19.0.1.10.0	cdfa7770e2ef2ad8efe5586065e07a4ef6e4e8494d563328a5fb16f77726ca9a	cdfa7770e2ef2ad8efe5586065e07a4ef6e4e8494d563328a5fb16f77726ca9a	MATCH
justech_global_audit_log	19.0.4.1.4	19.0.4.1.4	4f6fe6934214fa28990a7d64b63bbed67b322cf68be33aa74cdf58bad18cc99b	1230c1206f30bdad4d8933e93690ad7ff86a95c60ab223817df18e6e070ca4ab	DIFFERENT
justech_l10n_do_adel_freeze	19.0.1.0.0		1a0f19751c71693e1b42b36f5c9f8e4deb129144974055ce2f93bb3d6b0ba422		MISSING
justech_l10n_do_base	19.0.1.27.1	19.0.1.27.1	7bbaeabf00ef5f86204af14b08484930e91c49ab2a684a6c5a2a3971c3c1e418	7bbaeabf00ef5f86204af14b08484930e91c49ab2a684a6c5a2a3971c3c1e418	MATCH
justech_l10n_do_hr_payroll	19.0.1.38.0		140b735a1bca9b90f477ea493883bd985056d16f656e5ada58ed16e098bfb7fc		MISSING
justech_l10n_do_hr_payroll_account	19.0.1.9.0		7ed62b11bf393afd87f347878a90e2bc074de559d192056c6956903a83601f8d		MISSING
justech_l10n_do_hr_payroll_attendance	19.0.1.15.0		2bbcf86d7e7ae3959a1db0f34d1f313a2aee1a93e0b4c4c7b3d480448902ab20		MISSING
justech_l10n_do_hr_payroll_bank	19.0.1.8.0		69c20197671336b293cdecbf3d908bf7f0773db73ce0bce08e411a2643701424		MISSING
justech_l10n_do_hr_payroll_holidays	19.0.1.15.0		525fbc71b55cc43f5f790cea438b6c515cd21a1750f7a183dfa30f8f30a89274		MISSING
justech_l10n_do_hr_payroll_reports	19.0.1.4.0		39e5dbe7bab3c7fa3fc2dfb17144eb766818f51af256a964df450e309a60e79a		MISSING
justech_l10n_do_hr_payroll_subsidies	19.0.1.14.0		03168bae16f475a33bfc080c11eadf5a84910283d9f629567782c6dc445c09b2		MISSING
justech_l10n_do_ncf	19.0.2.31.0	19.0.2.31.0	9ab682ffa33b8ba7dd22b87f7a4b44b4b16faec4b892917cce0847b10e1185df	9ab682ffa33b8ba7dd22b87f7a4b44b4b16faec4b892917cce0847b10e1185df	MATCH
justech_l10n_do_payments_withholding	19.0.1.7.2		8ddf446636485c96961aff00040ca4079a83675e34a89d01ff819586d83e5f1c		MISSING
justech_l10n_do_reports	19.0.1.24.8		92a0d11e1fbc5d5cdc01eb8405dcf128027c3e5fc3dfe55611c96a7e77faa45e		MISSING
justech_l10n_do_treasury	19.0.1.6.7		b88ecc3a04b40e62e60ef8a732acab797be0a3e91288fb7c002c0d311f6f6541		MISSING
justech_mail_outgoing_policy	19.0.1.2.0		2a2576e27fc93ccbcc7179cdd7c86493122d4504a7fa213a1c4c5620ba30b7b3		MISSING
justech_managed_services	19.0.2.1.3		58552bf2d94e9ba70e4d9451fae104088e370efe8507f1e75a6c0c7172c46901		MISSING
justech_modules	19.0.1.8.7	19.0.1.8.7	ff135bfc47570da4fff1ac3919814d5fa642c1a771f08471923c93247b496bed	dc25d6474e1b367ba2e0f91ed1013d0a4ec58620889136ed86472b5fdddead24	DIFFERENT
justech_purchase_sale_margin_control	19.0.8.29.38		b853e064f32545e5cec04a3fa0df75373c9e24ac05a2e820d90fa56ae8c2ec3e		MISSING
justech_quotation_client_dedup	19.0.1.0.0		4b49362b8cf095b723c4818ac41cee6a918c944f9137ba7e163283a797b10a60		MISSING
justech_recurring_fee	19.0.1.2.0		913cb5dcf1b24a85e6a4d86b4a4207c52c45fe92471e05c3437cd15bcbf0c238		MISSING
justech_report_identity_guard	19.0.1.0.0	19.0.1.0.0	45dd5d951405ad7fe83625952716220c63f7bb47f65b361dffc13787f89a4d03	45dd5d951405ad7fe83625952716220c63f7bb47f65b361dffc13787f89a4d03	MATCH
justech_sale_purchase_trace	19.0.1.2.11		0e3ea5d8abdd0d91652958dd6119fa5aa8d43bbf048e075b0b605ff73e220958		MISSING
justech_sale_terms_guard	19.0.1.0.0		422be64387ad7f1d20f451e81290ac043312b794626aec5029741e873c35bdf1		MISSING
justech_security_ux	19.0.4.1.9		6c7e7043cc215da5e93be92023d5f7f3bcf179e735dcf6d510331068536357a9		MISSING
justech_vendor_bill_po_control	19.0.3.6.2		1e66eec427f66eddbf8025a5a33b713907a31c5b60e4aa421f89123daa0eac88		MISSING
justech_warranty	19.0.1.9.1	19.0.1.9.1	6ea9b2f053cbe9b7ff85dfd3b06fc214d215c14b07cb0b40833b8b4ea3789df0	0f9a7fe822fa633f54a273f7934d55757030042da64693e7347fdc0e2e5ded3a	DIFFERENT
l10n_do_accounting	19.0.1.0.1	19.0.1.0.1	4a59f0ec963e94bace44f01fdc47d1844733e5398ad6a5428d4f366a4fa35a4d	4a59f0ec963e94bace44f01fdc47d1844733e5398ad6a5428d4f366a4fa35a4d	MATCH
l10n_do_ecf_connector	19.0.4.0.0		3fe9c8b7fd0b3df7d6c300a557000bcdc8d882024f92673c673c4f324fa6399c		MISSING
l10n_do_ecf_connector_receptor	19.0.1.0.0		92523c5d6ce91c9d68462bd05b0b71038fd3b8b2accb2309df8db09844a44a17		MISSING
multi_invoice_manual_payment_prod	19.0.1.5.4		f7ed7d08976cd375092dffd0e29053440ccda10da4ef2215498c7bb43ceeb7ea		MISSING
studio_hotfix	19.0.1.0.2		154b1a3d35a0cab01dccc747798429aad41140695b45142761193f3b8d03b2bb		MISSING
