PRODUCT_ID,TEMPLATE_ID,NAME,CURRENT_TYPE,PROPOSED_TYPE,CURRENT_SALE_OK,PROPOSED_SALE_OK,CURRENT_PURCHASE_OK,PROPOSED_PURCHASE_OK,CATEGORY,COMPANY,ACTIVE,EVIDENCE,CONFIDENCE,ACTION,REASON,MISMATCH,SALE_LINE_REFERENCES,PURCHASE_LINE_REFERENCES,INVOICE_LINE_REFERENCES,STOCK_MOVE_REFERENCES,STOCK_QUANT_REFERENCES,VALUATION_LAYER_REFERENCES,IS_STORABLE,STANDARD_PRICE,LIST_PRICE
140,140,201-A TONER HP PARA IMPRESORA COLOR LASERJET (W277),consu,consu,True,True,False,True,,,True,invoice_lines=1; normalized=201-a toner hp para impresora color laserjet w277,DETERMINISTIC,FIX_PURCHASE_OK,"Physical material, merchandise, food or tool",,0,0,1,0,0,0,False,0.0,5645.0
141,141,215-A TONER HP LASERJET PRO 201A (CF401A) CYAN,consu,consu,True,True,False,True,,,True,invoice_lines=1; normalized=215-a toner hp laserjet pro 201a cf401a cyan,DETERMINISTIC,FIX_PURCHASE_OK,"Physical material, merchandise, food or tool",,0,0,1,0,0,0,False,0.0,6947.0
82,82,6 TEFLON 3/4X0.075MMX10MTS ESTUCHE GENERICO,consu,consu,True,True,False,True,,,True,invoice_lines=1; normalized=6 teflon 3/4x0.075mmx10mts estuche generico,HIGH_CONFIDENCE,FIX_PURCHASE_OK,Already Goods and name is not a service,,0,0,1,0,0,0,False,0.0,61.97
155,155,"ABANICO DAIWA WF-S16M PEDESTAL 16"" SUPER GRIS",consu,consu,True,True,False,True,,,True,"invoice_lines=1; normalized=abanico daiwa wf-s16m pedestal 16"" super gris",DETERMINISTIC,FIX_PURCHASE_OK,"Physical material, merchandise, food or tool",,0,0,1,0,0,0,False,0.0,2000.25
56,56,"ABANICO DISCOVERY HOME 16""",consu,consu,True,True,False,True,,,True,"invoice_lines=1; normalized=abanico discovery home 16""",DETERMINISTIC,FIX_PURCHASE_OK,"Physical material, merchandise, food or tool",,0,0,1,0,0,0,False,0.0,1915.25
116,116,ADAPTADOR MACHO PVC 1 PRESION CORVI/DURMAN,consu,consu,True,True,False,True,,,True,invoice_lines=1; normalized=adaptador macho pvc 1 presion corvi/durman,HIGH_CONFIDENCE,FIX_PURCHASE_OK,Already Goods and name is not a service,,0,0,1,0,0,0,False,0.0,15.98
117,117,ADAPTADOR MACHO PVC 3/4,consu,consu,True,True,False,True,,,True,invoice_lines=1; normalized=adaptador macho pvc 3/4,HIGH_CONFIDENCE,FIX_PURCHASE_OK,Already Goods and name is not a service,,0,0,1,0,0,0,False,0.0,30.0
20,20,AGREGADO FINO (ARENA LAVADA),service,consu,True,True,False,True,,,True,invoice_lines=1; normalized=agregado fino arena lavada,DETERMINISTIC,FIX_TYPE_AND_FLAGS,"Physical material, merchandise, food or tool",PHYSICAL_AS_SERVICE,0,0,1,0,0,0,False,0.0,4070.0
139,139,(AGREGADO FINO) ARENA LAVADA AZUL,service,consu,True,True,False,True,,,True,invoice_lines=1; normalized=agregado fino arena lavada azul,DETERMINISTIC,FIX_TYPE_AND_FLAGS,"Physical material, merchandise, food or tool",PHYSICAL_AS_SERVICE,0,0,1,0,0,0,False,0.0,1990.51
21,21,Agregado grueso (grava) 3/4,service,consu,False,True,True,True,,,True,invoice_lines=1; normalized=agregado grueso grava 3/4,DETERMINISTIC,FIX_TYPE_AND_FLAGS,"Physical material, merchandise, food or tool",PHYSICAL_AS_SERVICE,0,0,1,0,0,0,False,0.0,2054.91
132,132,ALAMBRE 12/3 AWG THHN,consu,consu,True,True,False,True,,,True,invoice_lines=1; normalized=alambre 12/3 awg thhn,DETERMINISTIC,FIX_PURCHASE_OK,"Physical material, merchandise, food or tool",,0,0,1,0,0,0,False,0.0,70.0
94,94,ALAMBRE DE GOMA 10/2 AWG,consu,consu,True,True,False,True,,,True,invoice_lines=1; normalized=alambre de goma 10/2 awg,DETERMINISTIC,FIX_PURCHASE_OK,"Physical material, merchandise, food or tool",,0,0,1,0,0,0,False,0.0,113.0
95,95,ALAMBRE DE GOMA 6/2 AWG,consu,consu,True,True,False,True,,,True,invoice_lines=1; normalized=alambre de goma 6/2 awg,DETERMINISTIC,FIX_PURCHASE_OK,"Physical material, merchandise, food or tool",,0,0,1,0,0,0,False,0.0,189.6
109,109,ALAMBRE DE GOMA (AWG) 12/2 PHELPS DODGE,consu,consu,True,True,False,True,,,True,invoice_lines=1; normalized=alambre de goma awg 12/2 phelps dodge,DETERMINISTIC,FIX_PURCHASE_OK,"Physical material, merchandise, food or tool",,0,0,1,0,0,0,False,0.0,53.2
108,108,ALAMBRE DE GOMA AWG 12/3 AWG PHELPS DODGE,consu,consu,True,True,False,True,,,True,invoice_lines=1; normalized=alambre de goma awg 12/3 awg phelps dodge,DETERMINISTIC,FIX_PURCHASE_OK,"Physical material, merchandise, food or tool",,0,0,1,0,0,0,False,0.0,79.86
133,133,ALAMBRE D/GOMA 4X1.5M AWG THHN,consu,consu,True,True,False,True,,,True,invoice_lines=1; normalized=alambre d/goma 4x1.5m awg thhn,DETERMINISTIC,FIX_PURCHASE_OK,"Physical material, merchandise, food or tool",,0,0,1,0,0,0,False,0.0,72.0
107,107,ALAMBRE DUPLEX 1.5MM PHELPS DODGE,consu,consu,True,True,False,True,,,True,invoice_lines=1; normalized=alambre duplex 1.5mm phelps dodge,DETERMINISTIC,FIX_PURCHASE_OK,"Physical material, merchandise, food or tool",,0,0,1,0,0,0,False,0.0,22.56
110,110,ALAMBRE THHN (AWG) #10 NEGRO PHELPS DODGE,consu,consu,True,True,False,True,,,True,invoice_lines=1; normalized=alambre thhn awg 10 negro phelps dodge,DETERMINISTIC,FIX_PURCHASE_OK,"Physical material, merchandise, food or tool",,0,0,1,0,0,0,False,0.0,40.0
111,111,ALAMBRE THHN (AWG) #12 NEGRO PHELPS DODGE,consu,consu,True,True,False,True,,,True,invoice_lines=1; normalized=alambre thhn awg 12 negro phelps dodge,DETERMINISTIC,FIX_PURCHASE_OK,"Physical material, merchandise, food or tool",,0,0,1,0,0,0,False,0.0,25.33
124,124,ALAMBRE THHN (AWG) #2 BLANCO PHELPS DODGE,consu,consu,True,True,False,True,,,True,invoice_lines=1; normalized=alambre thhn awg 2 blanco phelps dodge,DETERMINISTIC,FIX_PURCHASE_OK,"Physical material, merchandise, food or tool",,0,0,1,0,0,0,False,0.0,216.8
125,125,ALAMBRE THHN (AWG) #4 ROJO PHELPS DODGE,consu,consu,True,True,False,True,,,True,invoice_lines=1; normalized=alambre thhn awg 4 rojo phelps dodge,DETERMINISTIC,FIX_PURCHASE_OK,"Physical material, merchandise, food or tool",,0,0,1,0,0,0,False,0.0,136.24
106,106,ALAMBRE THHN (AWG) #8 NEGRO AWG PHELPS DODGE,consu,consu,True,True,False,True,,,True,invoice_lines=1; normalized=alambre thhn awg 8 negro awg phelps dodge,DETERMINISTIC,FIX_PURCHASE_OK,"Physical material, merchandise, food or tool",,0,0,1,0,0,0,False,0.0,55.28
105,105,ALAMBRE VINYL (AWG) 12/2 GRIS PHELPS DODGE,consu,consu,True,True,False,True,,,True,invoice_lines=1; normalized=alambre vinyl awg 12/2 gris phelps dodge,DETERMINISTIC,FIX_PURCHASE_OK,"Physical material, merchandise, food or tool",,0,0,1,0,0,0,False,0.0,62.8
118,118,"ALICATE EXTENSION 12"" STANLEY",consu,consu,True,True,False,True,,,True,"invoice_lines=1; normalized=alicate extension 12"" stanley",DETERMINISTIC,FIX_PURCHASE_OK,"Physical material, merchandise, food or tool",,0,0,1,0,0,0,False,0.0,1338.0
60,60,"ANGULAR DE 2 X 1/8""",consu,consu,True,True,False,True,,,True,"invoice_lines=1; normalized=angular de 2 x 1/8""",HIGH_CONFIDENCE,FIX_PURCHASE_OK,Already Goods and name is not a service,,0,0,1,0,0,0,False,0.0,2860.0
61,61,"ANGULAR DE 3 X 3/16""",consu,consu,True,True,False,True,,,True,"invoice_lines=1; normalized=angular de 3 x 3/16""",HIGH_CONFIDENCE,FIX_PURCHASE_OK,Already Goods and name is not a service,,0,0,1,0,0,0,False,0.0,4935.0
70,70,BOQUILLA P/LAV PUSH BOT C/REBOSE 100206 45 GENEBRE,consu,consu,True,True,False,True,,,True,invoice_lines=1; normalized=boquilla p/lav push bot c/rebose 100206 45 genebre,HIGH_CONFIDENCE,FIX_PURCHASE_OK,Already Goods and name is not a service,,0,0,1,0,0,0,False,0.0,1898.0
1324,1324,BOTE Material Desechable Y Escombro,consu,service,True,True,True,True,Ferretería,,True,category=Ferretería; normalized=bote material desechable y escombro,HIGH_CONFIDENCE,FIX_TYPE,"Construction/haulage/petty-cash activity, not a SKU",SERVICE_AS_PHYSICAL,0,0,0,0,0,0,False,0.0,47000.0
976,976,Bote Material Inservible,consu,service,True,True,True,True,Ferretería,,True,category=Ferretería; normalized=bote material inservible,HIGH_CONFIDENCE,FIX_TYPE,"Construction/haulage/petty-cash activity, not a SKU",SERVICE_AS_PHYSICAL,0,0,0,0,0,0,False,0.0,721.65
98,98,BREAKER CNC 20A 2P,consu,consu,True,True,False,True,,,True,invoice_lines=1; normalized=breaker cnc 20a 2p,DETERMINISTIC,FIX_PURCHASE_OK,"Physical material, merchandise, food or tool",,0,0,1,0,0,0,False,0.0,965.0
99,99,BREAKER CNC 2P 16A,consu,consu,True,True,False,True,,,True,invoice_lines=1; normalized=breaker cnc 2p 16a,DETERMINISTIC,FIX_PURCHASE_OK,"Physical material, merchandise, food or tool",,0,0,1,0,0,0,False,0.0,787.85
97,97,BREAKER DINWAY 25A 2P,consu,consu,True,True,False,True,,,True,invoice_lines=1; normalized=breaker dinway 25a 2p,DETERMINISTIC,FIX_PURCHASE_OK,"Physical material, merchandise, food or tool",,0,0,1,0,0,0,False,0.0,2250.0
103,103,BREAKER DOBLE GRUESO 2P 20 AMP,consu,consu,True,True,False,True,,,True,invoice_lines=1; normalized=breaker doble grueso 2p 20 amp,DETERMINISTIC,FIX_PURCHASE_OK,"Physical material, merchandise, food or tool",,0,0,1,0,0,0,False,0.0,1574.0
102,102,BREAKER DOBLE GRUESO 2P 30 AMP,consu,consu,True,True,False,True,,,True,invoice_lines=1; normalized=breaker doble grueso 2p 30 amp,DETERMINISTIC,FIX_PURCHASE_OK,"Physical material, merchandise, food or tool",,0,0,1,0,0,0,False,0.0,1574.0
122,122,BREAKER GRUESO 1P 50 AMP THQL-1150 ABB-GE,consu,consu,True,True,False,True,,,True,invoice_lines=1; normalized=breaker grueso 1p 50 amp thql-1150 abb-ge,DETERMINISTIC,FIX_PURCHASE_OK,"Physical material, merchandise, food or tool",,0,0,1,0,0,0,False,0.0,892.0
86,86,"BROCHA M/BCO PELO GRIS 2"" BCM20 BYP",consu,consu,True,True,False,True,,,True,"invoice_lines=1; normalized=brocha m/bco pelo gris 2"" bcm20 byp",HIGH_CONFIDENCE,FIX_PURCHASE_OK,Already Goods and name is not a service,,0,0,1,0,0,0,False,0.0,89.99
104,104,CABLE 3/0 AWG THHN NEGRO,consu,consu,True,True,False,True,,,True,invoice_lines=1; normalized=cable 3/0 awg thhn negro,DETERMINISTIC,FIX_PURCHASE_OK,"Physical material, merchandise, food or tool",,0,0,1,0,0,0,False,0.0,450.0
96,96,CAJA BREAKER 12 SUPE. OMNIUM,consu,consu,True,True,False,True,,,True,invoice_lines=1; normalized=caja breaker 12 supe. omnium,DETERMINISTIC,FIX_PURCHASE_OK,"Physical material, merchandise, food or tool",,0,0,1,0,0,0,False,0.0,3989.0
123,123,CAJA BREAKER 8 A 16 CIRCUITO TLM-812FCUD ABB-GE,consu,consu,True,True,False,True,,,True,invoice_lines=1; normalized=caja breaker 8 a 16 circuito tlm-812fcud abb-ge,DETERMINISTIC,FIX_PURCHASE_OK,"Physical material, merchandise, food or tool",,0,0,1,0,0,0,False,0.0,6954.0
146,146,CARTUCHO HP DESKJET 1000 122,consu,consu,True,True,False,True,,,True,invoice_lines=1; normalized=cartucho hp deskjet 1000 122,HIGH_CONFIDENCE,FIX_PURCHASE_OK,Already Goods and name is not a service,,0,0,1,0,0,0,False,0.0,2000.0
73,73,CEMENTO BLANCO 2KG (4.4LBS) 2KG PEGAFORTE,consu,consu,True,True,False,True,,,True,invoice_lines=1; normalized=cemento blanco 2kg 4.4lbs 2kg pegaforte,DETERMINISTIC,FIX_PURCHASE_OK,"Physical material, merchandise, food or tool",,0,0,1,0,0,0,False,0.0,205.0
54,54,CEMENTO BLANCO FUNDA 40KG,consu,consu,True,True,False,True,,,True,invoice_lines=1; normalized=cemento blanco funda 40kg,DETERMINISTIC,FIX_PURCHASE_OK,"Physical material, merchandise, food or tool",,0,0,1,0,0,0,False,0.0,2750.0
22,22,CEMENTO GRIS (AGLOMERANTE PORTLAND) SANTO DOMINGO 94LB,consu,consu,True,True,False,True,,,True,invoice_lines=1; normalized=cemento gris aglomerante portland santo domingo 94lb,DETERMINISTIC,FIX_PURCHASE_OK,"Physical material, merchandise, food or tool",,0,0,1,0,0,0,False,0.0,365.31
113,113,"CINCEL PLANO 3/4 X 10"" (19X250) TRAMONTINA",consu,consu,True,True,False,True,,,True,"invoice_lines=1; normalized=cincel plano 3/4 x 10"" 19x250 tramontina",HIGH_CONFIDENCE,FIX_PURCHASE_OK,Already Goods and name is not a service,,0,0,1,0,0,0,False,0.0,518.4
112,112,"CINCEL PUNTA 3/4 X 10"" (19X250) TRAMONTINA",consu,consu,True,True,False,True,,,True,"invoice_lines=1; normalized=cincel punta 3/4 x 10"" 19x250 tramontina",HIGH_CONFIDENCE,FIX_PURCHASE_OK,Already Goods and name is not a service,,0,0,1,0,0,0,False,0.0,510.2
126,126,CONECTOR DE EMPALME NO.2,consu,consu,True,True,False,True,,,True,invoice_lines=1; normalized=conector de empalme no.2,HIGH_CONFIDENCE,FIX_PURCHASE_OK,Already Goods and name is not a service,,0,0,1,0,0,0,False,0.0,380.0
101,101,CONECTOR DE EMPALME NO.4,consu,consu,True,True,False,True,,,True,invoice_lines=1; normalized=conector de empalme no.4,HIGH_CONFIDENCE,FIX_PURCHASE_OK,Already Goods and name is not a service,,0,0,1,0,0,0,False,0.0,960.0
134,134,"DISCO DE CORTE 9"" METABO 7/8",service,consu,True,True,False,True,,,True,"invoice_lines=1; normalized=disco de corte 9"" metabo 7/8",DETERMINISTIC,FIX_TYPE_AND_FLAGS,"Physical material, merchandise, food or tool",PHYSICAL_AS_SERVICE,0,0,1,0,0,0,False,0.0,625.0
62,62,DISCO DEWALT DE 14 X 3/32,consu,consu,True,True,False,True,,,True,invoice_lines=1; normalized=disco dewalt de 14 x 3/32,HIGH_CONFIDENCE,FIX_PURCHASE_OK,Already Goods and name is not a service,,0,0,1,0,0,0,False,0.0,620.0
87,87,"ESPEJO DE BAÑO 66X36""",consu,consu,True,True,False,True,,,True,"invoice_lines=1; normalized=espejo de bano 66x36""",HIGH_CONFIDENCE,FIX_PURCHASE_OK,Already Goods and name is not a service,,0,0,1,0,0,0,False,0.0,4984.0
153,153,"ESTUFA DANILUX 24""",consu,consu,True,True,False,True,,,True,"invoice_lines=1; normalized=estufa danilux 24""",DETERMINISTIC,FIX_PURCHASE_OK,"Physical material, merchandise, food or tool",,0,0,1,0,0,0,False,0.0,11059.32
51,51,GUIAS PLAST- 40X60MM,consu,consu,True,True,False,True,,,True,invoice_lines=1; normalized=guias plast- 40x60mm,HIGH_CONFIDENCE,FIX_PURCHASE_OK,Already Goods and name is not a service,,0,0,1,0,0,0,False,0.0,285.0
38,38,HILO PARA CORTADORA DE GRAMA 3.3MM X 237M HTR5/PODAR TRUPER,consu,consu,True,True,False,True,,,True,invoice_lines=1; normalized=hilo para cortadora de grama 3.3mm x 237m htr5/podar truper,HIGH_CONFIDENCE,FIX_PURCHASE_OK,Already Goods and name is not a service,,0,0,1,0,0,0,False,0.0,4000.0
130,130,IMPERMEABILIZANTE TROPICAL GOMA LIQUIDA ALUMINIO,consu,consu,True,True,False,True,,,True,invoice_lines=1; normalized=impermeabilizante tropical goma liquida aluminio,DETERMINISTIC,FIX_PURCHASE_OK,"Physical material, merchandise, food or tool",,0,0,1,0,0,0,False,0.0,17635.8
67,67,INODORO FLUX BALTICO ENT SUP BLANCO / CORONA,consu,consu,True,True,False,True,,,True,invoice_lines=1; normalized=inodoro flux baltico ent sup blanco / corona,DETERMINISTIC,FIX_PURCHASE_OK,"Physical material, merchandise, food or tool",,0,0,1,0,0,0,False,0.0,11890.0
72,72,JUNTA DE CERA P/INODORO 40143 EASTMAN,consu,consu,True,True,False,True,,,True,invoice_lines=1; normalized=junta de cera p/inodoro 40143 eastman,DETERMINISTIC,FIX_PURCHASE_OK,"Physical material, merchandise, food or tool",,0,0,1,0,0,0,False,0.0,185.0
52,52,KIT DE INSTALACION DE BOMBA,consu,consu,True,True,False,True,,,True,invoice_lines=1; normalized=kit de instalacion de bomba,DETERMINISTIC,FIX_PURCHASE_OK,"Physical material, merchandise, food or tool",,0,0,1,0,0,0,False,0.0,1125.0
19,19,KIT DE UÑAS ACRILICAS,consu,consu,True,True,False,True,,,True,invoice_lines=1; normalized=kit de unas acrilicas,HIGH_CONFIDENCE,FIX_PURCHASE_OK,Already Goods and name is not a service,,0,0,1,0,0,0,False,0.0,1000.0
151,151,LAVADORA SEMI AUTOMATICA XPB KGLG-140 22 LB,consu,consu,True,True,False,True,,,True,invoice_lines=1; normalized=lavadora semi automatica xpb kglg-140 22 lb,DETERMINISTIC,FIX_PURCHASE_OK,"Physical material, merchandise, food or tool",,0,0,1,0,0,0,False,0.0,10150.0
156,156,LICUADORA DAIWA 3 VEL 600W 1.25L,consu,consu,True,True,False,True,,,True,invoice_lines=1; normalized=licuadora daiwa 3 vel 600w 1.25l,DETERMINISTIC,FIX_PURCHASE_OK,"Physical material, merchandise, food or tool",,0,0,1,0,0,0,False,0.0,2668.0
57,57,LICUADORA DISCOVERY HOME 3-5 VEL 600W 1.5 LITROS,consu,consu,True,True,False,True,,,True,invoice_lines=1; normalized=licuadora discovery home 3-5 vel 600w 1.5 litros,DETERMINISTIC,FIX_PURCHASE_OK,"Physical material, merchandise, food or tool",,0,0,1,0,0,0,False,0.0,2230.0
17,17,LICUADORA NINJA,consu,consu,True,True,False,True,,,True,invoice_lines=1; normalized=licuadora ninja,DETERMINISTIC,FIX_PURCHASE_OK,"Physical material, merchandise, food or tool",,0,0,1,0,0,0,False,0.0,7200.15
79,79,LLAVE ANGULAR DOBLE 1/2X3/8X3/8 04326 EASTMAN,consu,consu,True,True,False,True,,,True,invoice_lines=1; normalized=llave angular doble 1/2x3/8x3/8 04326 eastman,HIGH_CONFIDENCE,FIX_PURCHASE_OK,Already Goods and name is not a service,,0,0,1,0,0,0,False,0.0,578.0
80,80,"LLAVE SENCILLA P/LAV NIQ 1/2"" VK-0380 VIKINGO",consu,consu,True,True,False,True,,,True,"invoice_lines=1; normalized=llave sencilla p/lav niq 1/2"" vk-0380 vikingo",HIGH_CONFIDENCE,FIX_PURCHASE_OK,Already Goods and name is not a service,,0,0,1,0,0,0,False,0.0,1099.2
131,131,MEMBRANA ASFALTICA ITALIANA FIBRA VIDRIO 2.5MM,consu,consu,True,True,False,True,,,True,invoice_lines=1; normalized=membrana asfaltica italiana fibra vidrio 2.5mm,HIGH_CONFIDENCE,FIX_PURCHASE_OK,Already Goods and name is not a service,,0,0,1,0,0,0,False,0.0,6956.0
18,18,MESA DE MANICURA PROFESIONAL,consu,consu,True,True,False,True,,,True,invoice_lines=1; normalized=mesa de manicura profesional,HIGH_CONFIDENCE,FIX_PURCHASE_OK,Already Goods and name is not a service,,0,0,1,0,0,0,False,0.0,5200.0
71,71,MEZCLADORA P/LAV MONOMANDO 1H T-4119 AQUAVITA,consu,consu,True,True,False,True,,,True,invoice_lines=1; normalized=mezcladora p/lav monomando 1h t-4119 aquavita,HIGH_CONFIDENCE,FIX_PURCHASE_OK,Already Goods and name is not a service,,0,0,1,0,0,0,False,0.0,3090.0
58,58,MICROONDA 21 L TECNOMASTER 700-900 VATIOS,consu,consu,True,True,False,True,,,True,invoice_lines=1; normalized=microonda 21 l tecnomaster 700-900 vatios,DETERMINISTIC,FIX_PURCHASE_OK,"Physical material, merchandise, food or tool",,0,0,1,0,0,0,False,0.0,7266.1
128,128,"MOTA LANCO 9""X1 1/4""",consu,consu,True,True,False,True,,,True,"invoice_lines=1; normalized=mota lanco 9""x1 1/4""",HIGH_CONFIDENCE,FIX_PURCHASE_OK,Already Goods and name is not a service,,0,0,1,0,0,0,False,0.0,422.0
85,85,"MOTA MICROFIBRA 9"" X 3/8"" FAN89 BYP",consu,consu,True,True,False,True,,,True,"invoice_lines=1; normalized=mota microfibra 9"" x 3/8"" fan89 byp",HIGH_CONFIDENCE,FIX_PURCHASE_OK,Already Goods and name is not a service,,0,0,1,0,0,0,False,0.0,105.98
152,152,NEVERA MIDEA 10 PIES,consu,consu,True,True,False,True,,,True,invoice_lines=1; normalized=nevera midea 10 pies,DETERMINISTIC,FIX_PURCHASE_OK,"Physical material, merchandise, food or tool",,0,0,1,0,0,0,False,0.0,18936.44
55,55,NEVERA TECNOMASTER 10 PC,consu,consu,True,True,False,True,,,True,invoice_lines=1; normalized=nevera tecnomaster 10 pc,DETERMINISTIC,FIX_PURCHASE_OK,"Physical material, merchandise, food or tool",,0,0,1,0,0,0,False,0.0,23540.0
81,81,"NIPLE COBRE NIQ 1/2"" X 3"" 25866 EASTMAN",consu,consu,True,True,False,True,,,True,"invoice_lines=1; normalized=niple cobre niq 1/2"" x 3"" 25866 eastman",HIGH_CONFIDENCE,FIX_PURCHASE_OK,Already Goods and name is not a service,,0,0,1,0,0,0,False,0.0,398.82
69,69,ORINAL ARRECIFE ENT SUP BLANCO,consu,consu,True,True,False,True,,,True,invoice_lines=1; normalized=orinal arrecife ent sup blanco,DETERMINISTIC,FIX_PURCHASE_OK,"Physical material, merchandise, food or tool",,0,0,1,0,0,0,False,0.0,8960.0
53,53,PERFIL 1 1/2 H.GALV.1.6,consu,consu,True,True,False,True,,,True,invoice_lines=1; normalized=perfil 1 1/2 h.galv.1.6,HIGH_CONFIDENCE,FIX_PURCHASE_OK,Already Goods and name is not a service,,0,0,1,0,0,0,False,0.0,1680.0
50,50,PERFIL 2X3 GALV.,consu,consu,True,True,False,True,,,True,invoice_lines=1; normalized=perfil 2x3 galv.,HIGH_CONFIDENCE,FIX_PURCHASE_OK,Already Goods and name is not a service,,0,0,1,0,0,0,False,0.0,2630.02
44,44,PINTURA ACRILICA AMARILLO POSITIVO POPULAR PRO/TROPICAL,consu,consu,True,True,False,True,,,True,invoice_lines=1; normalized=pintura acrilica amarillo positivo popular pro/tropical,DETERMINISTIC,FIX_PURCHASE_OK,"Physical material, merchandise, food or tool",,0,0,1,0,0,0,False,0.0,2386.5
43,43,PINTURA ACRILICA AZUL POSITIVO POPULAR PRO /TROPICAL,consu,consu,True,True,False,True,,,True,invoice_lines=1; normalized=pintura acrilica azul positivo popular pro /tropical,DETERMINISTIC,FIX_PURCHASE_OK,"Physical material, merchandise, food or tool",,0,0,1,0,0,0,False,0.0,2386.5
84,84,PINTURA ACRILICA BLANCO 00 TROPICAL 5GL,consu,consu,True,True,False,True,,,True,invoice_lines=1; normalized=pintura acrilica blanco 00 tropical 5gl,DETERMINISTIC,FIX_PURCHASE_OK,"Physical material, merchandise, food or tool",,0,0,1,0,0,0,False,0.0,8050.0
46,46,PINTURA ACRILICA CONTRACTOR GRIS CLARO 26 POPULAR,consu,consu,True,True,False,True,,,True,invoice_lines=1; normalized=pintura acrilica contractor gris claro 26 popular,DETERMINISTIC,FIX_PURCHASE_OK,"Physical material, merchandise, food or tool",,0,0,1,0,0,0,False,0.0,11932.5
40,40,PINTURA ACRILICA NARANJA POSITIVO POPULAR PRO/TROPICAL,consu,consu,True,True,False,True,,,True,invoice_lines=1; normalized=pintura acrilica naranja positivo popular pro/tropical,DETERMINISTIC,FIX_PURCHASE_OK,"Physical material, merchandise, food or tool",,0,0,1,0,0,0,False,0.0,2386.5
47,47,PINTURA ACRILICA PARA EXTERIOR BLANCA 50 POPULAR,consu,consu,True,True,False,True,,,True,invoice_lines=1; normalized=pintura acrilica para exterior blanca 50 popular,DETERMINISTIC,FIX_PURCHASE_OK,"Physical material, merchandise, food or tool",,0,0,1,0,0,0,False,0.0,9352.5
41,41,PINTURA ACRILICA ROJO POSITIVO POPULAR PRO/TROPICAL,consu,consu,True,True,False,True,,,True,invoice_lines=1; normalized=pintura acrilica rojo positivo popular pro/tropical,DETERMINISTIC,FIX_PURCHASE_OK,"Physical material, merchandise, food or tool",,0,0,1,0,0,0,False,0.0,2386.5
49,49,PINTURA ACRILICA VERDE LIMON 25 POPULAR PRO/TROPICAL,consu,consu,True,True,False,True,,,True,invoice_lines=1; normalized=pintura acrilica verde limon 25 popular pro/tropical,DETERMINISTIC,FIX_PURCHASE_OK,"Physical material, merchandise, food or tool",,0,0,1,0,0,0,False,0.0,11932.5
42,42,PINTURA ACRILICA VERDE POSITIVO TROPICAL/POPULAR PRO,consu,consu,True,True,False,True,,,True,invoice_lines=1; normalized=pintura acrilica verde positivo tropical/popular pro,DETERMINISTIC,FIX_PURCHASE_OK,"Physical material, merchandise, food or tool",,0,0,1,0,0,0,False,0.0,2386.5
83,83,PINTURA ACRIL PORCELANA 90 (5GL) ACRI PORCELA 90 POPULAR,consu,consu,True,True,False,True,,,True,invoice_lines=1; normalized=pintura acril porcelana 90 5gl acri porcela 90 popular,DETERMINISTIC,FIX_PURCHASE_OK,"Physical material, merchandise, food or tool",,0,0,1,0,0,0,False,0.0,10958.99
39,39,PINTURA ALTO TRANSITO (AMARILLO TRAFICO) POPULAR PRO,consu,consu,True,True,False,True,,,True,invoice_lines=1; normalized=pintura alto transito amarillo trafico popular pro,DETERMINISTIC,FIX_PURCHASE_OK,"Physical material, merchandise, food or tool",,0,0,1,0,0,0,False,0.0,3515.0
45,45,PINTURA CONTRACTOR ACRILICA ROJO TEJA 18 POPULAR,consu,consu,True,True,False,True,,,True,invoice_lines=1; normalized=pintura contractor acrilica rojo teja 18 popular,DETERMINISTIC,FIX_PURCHASE_OK,"Physical material, merchandise, food or tool",,0,0,1,0,0,0,False,0.0,2386.5
48,48,PINTURA ESMALTE PLUS AZUL 54 TROPICA/ POPULAR PRO,consu,consu,True,True,False,True,,,True,invoice_lines=1; normalized=pintura esmalte plus azul 54 tropica/ popular pro,DETERMINISTIC,FIX_PURCHASE_OK,"Physical material, merchandise, food or tool",,0,0,1,0,0,0,False,0.0,11932.5
64,64,PINTURA OXIDO NEGRO,consu,consu,True,True,False,True,,,True,invoice_lines=1; normalized=pintura oxido negro,DETERMINISTIC,FIX_PURCHASE_OK,"Physical material, merchandise, food or tool",,0,0,1,0,0,0,False,0.0,1874.0
93,93,PINTURA PRO SEMIGLOSS (POP) PORCELANA 90 5 GL,consu,consu,True,True,False,True,,,True,invoice_lines=1; normalized=pintura pro semigloss pop porcelana 90 5 gl,DETERMINISTIC,FIX_PURCHASE_OK,"Physical material, merchandise, food or tool",,0,0,1,0,0,0,False,0.0,10958.99
92,92,PINTURA SEMI CONTRACTOR BLANCO 00 1 GL,consu,consu,True,True,False,True,,,True,invoice_lines=1; normalized=pintura semi contractor blanco 00 1 gl,DETERMINISTIC,FIX_PURCHASE_OK,"Physical material, merchandise, food or tool",,0,0,1,0,0,0,False,0.0,2386.5
90,90,PINTURA SEMI CONTRACTOR MARMOL 939 1 GL,consu,consu,True,True,False,True,,,True,invoice_lines=1; normalized=pintura semi contractor marmol 939 1 gl,DETERMINISTIC,FIX_PURCHASE_OK,"Physical material, merchandise, food or tool",,0,0,1,0,0,0,False,0.0,2386.5
91,91,PINTURA SEMI CONTRACTOR MARMOL 939 5 GL,consu,consu,True,True,False,True,,,True,invoice_lines=1; normalized=pintura semi contractor marmol 939 5 gl,DETERMINISTIC,FIX_PURCHASE_OK,"Physical material, merchandise, food or tool",,0,0,1,0,0,0,False,0.0,8050.0
89,89,PINTURA TRAFIC PAINT AMARILLO 1 GL,consu,consu,True,True,False,True,,,True,invoice_lines=1; normalized=pintura trafic paint amarillo 1 gl,DETERMINISTIC,FIX_PURCHASE_OK,"Physical material, merchandise, food or tool",,0,0,1,0,0,0,False,0.0,3515.0
121,121,"PINZA DE CORTE PUNTA LARGA 8"" 84-102 STANLEY",service,consu,True,True,False,True,,,True,"invoice_lines=1; normalized=pinza de corte punta larga 8"" 84-102 stanley",DETERMINISTIC,FIX_TYPE_AND_FLAGS,"Physical material, merchandise, food or tool",PHYSICAL_AS_SERVICE,0,0,1,0,0,0,False,0.0,872.0
119,119,"PINZA DE EXTENSION 10"" TRUPER",consu,consu,True,True,False,True,,,True,"invoice_lines=1; normalized=pinza de extension 10"" truper",DETERMINISTIC,FIX_PURCHASE_OK,"Physical material, merchandise, food or tool",,0,0,1,0,0,0,False,0.0,1350.0
120,120,"PINZA LAGARTO 10"" TRUPER",consu,consu,True,True,False,True,,,True,"invoice_lines=1; normalized=pinza lagarto 10"" truper",DETERMINISTIC,FIX_PURCHASE_OK,"Physical material, merchandise, food or tool",,0,0,1,0,0,0,False,0.0,1385.0
166,166,PLANCHAS DE ALUZINC PARED CALIBRE 26 ( 1.00 X 2.50 MTS),consu,consu,True,True,False,True,,,True,invoice_lines=1; normalized=planchas de aluzinc pared calibre 26 1.00 x 2.50 mts,HIGH_CONFIDENCE,FIX_PURCHASE_OK,Already Goods and name is not a service,,0,0,1,0,0,0,False,0.0,711.86
163,163,PLANCHAS DE ALUZINC TECHO - CALIBRE 26 ( 1.00 MTS X 4.50 ),consu,consu,True,True,False,True,,,True,invoice_lines=1; normalized=planchas de aluzinc techo - calibre 26 1.00 mts x 4.50,HIGH_CONFIDENCE,FIX_PURCHASE_OK,Already Goods and name is not a service,,0,0,1,0,0,0,False,0.0,1060.76
164,164,PLANCHAS DE ALUZINC TECHO - CALIBRE 26 ( 1.00 MTS X 5.00 MTS ),consu,consu,True,True,False,True,,,True,invoice_lines=1; normalized=planchas de aluzinc techo - calibre 26 1.00 mts x 5.00 mts,HIGH_CONFIDENCE,FIX_PURCHASE_OK,Already Goods and name is not a service,,0,0,1,0,0,0,False,0.0,1623.73
165,165,PLANCHAS DE ALUZINC TECHO CALIBRE 26 ( 1.00 MTS X 6.20 MTS ),consu,consu,True,True,False,True,,,True,invoice_lines=1; normalized=planchas de aluzinc techo calibre 26 1.00 mts x 6.20 mts,HIGH_CONFIDENCE,FIX_PURCHASE_OK,Already Goods and name is not a service,,0,0,1,0,0,0,False,0.0,1979.66
136,136,"PLANCHUELA 2""X1/4""",consu,consu,True,True,False,True,,,True,"invoice_lines=1; normalized=planchuela 2""x1/4""",HIGH_CONFIDENCE,FIX_PURCHASE_OK,Already Goods and name is not a service,,0,0,1,0,0,0,False,0.0,2700.0
75,75,PORTAROLLO C/CUBIERTA FOSTER AQA,consu,consu,True,True,False,True,,,True,invoice_lines=1; normalized=portarollo c/cubierta foster aqa,HIGH_CONFIDENCE,FIX_PURCHASE_OK,Already Goods and name is not a service,,0,0,1,0,0,0,False,0.0,984.0
127,127,PORTA ROLO LANCO HEAVY DUTY ROLLER FRAME,consu,consu,True,True,False,True,,,True,invoice_lines=1; normalized=porta rolo lanco heavy duty roller frame,HIGH_CONFIDENCE,FIX_PURCHASE_OK,Already Goods and name is not a service,,0,0,1,0,0,0,False,0.0,608.48
16,16,RESMA DE PAPEL BOND INFOPRINT 8.5x11 500/1,consu,consu,True,True,False,True,,,True,invoice_lines=1; normalized=resma de papel bond infoprint 8.5x11 500/1,HIGH_CONFIDENCE,FIX_PURCHASE_OK,Already Goods and name is not a service,,0,0,1,0,0,0,False,0.0,362.63
129,129,SELLATODO SILBOND CANO,consu,consu,True,True,False,True,,,True,invoice_lines=1; normalized=sellatodo silbond cano,HIGH_CONFIDENCE,FIX_PURCHASE_OK,Already Goods and name is not a service,,0,0,1,0,0,0,False,0.0,2780.0
74,74,"SIFON PARA LAVAMANO PVC 1 1/2"" 35376 EASTMAN",consu,consu,True,True,False,True,,,True,"invoice_lines=1; normalized=sifon para lavamano pvc 1 1/2"" 35376 eastman",HIGH_CONFIDENCE,FIX_PURCHASE_OK,Already Goods and name is not a service,,0,0,1,0,0,0,False,0.0,215.12
78,78,SILICON 100% RTV CLEAR TUBO 10.3 SS-888-18 LANCO,consu,consu,True,True,False,True,,,True,invoice_lines=1; normalized=silicon 100% rtv clear tubo 10.3 ss-888-18 lanco,DETERMINISTIC,FIX_PURCHASE_OK,"Physical material, merchandise, food or tool",,0,0,1,0,0,0,False,0.0,570.0
135,135,SOLDADURA 1/8 UNIVERSAL,consu,consu,True,True,False,True,,,True,invoice_lines=1; normalized=soldadura 1/8 universal,HIGH_CONFIDENCE,FIX_PURCHASE_OK,Already Goods and name is not a service,,0,0,1,0,0,0,False,0.0,215.0
65,65,SOLDADURA 3/32,consu,consu,True,True,False,True,,,True,invoice_lines=1; normalized=soldadura 3/32,HIGH_CONFIDENCE,FIX_PURCHASE_OK,Already Goods and name is not a service,,0,0,1,0,0,0,False,0.0,218.0
59,59,SUPER GRAMASAN 5 LT,consu,consu,True,True,False,True,,,True,invoice_lines=1; normalized=super gramasan 5 lt,HIGH_CONFIDENCE,FIX_PURCHASE_OK,Already Goods and name is not a service,,0,0,1,0,0,0,False,0.0,1435.86
100,100,TAPE VINIL SCOTCH 3M SUPER33+,consu,consu,True,True,False,True,,,True,invoice_lines=1; normalized=tape vinil scotch 3m super33,HIGH_CONFIDENCE,FIX_PURCHASE_OK,Already Goods and name is not a service,,0,0,1,0,0,0,False,0.0,1658.0
160,160,TARUGO PARA TORNILLO EXPANSIVO ( 1/2 X3 ),consu,consu,True,True,False,True,,,True,invoice_lines=1; normalized=tarugo para tornillo expansivo 1/2 x3,DETERMINISTIC,FIX_PURCHASE_OK,"Physical material, merchandise, food or tool",,0,0,1,0,0,0,False,0.0,215.0
154,154,"TELEVISOR DE 43"" KONKA",consu,consu,True,True,False,True,,,True,"invoice_lines=1; normalized=televisor de 43"" konka",DETERMINISTIC,FIX_PURCHASE_OK,"Physical material, merchandise, food or tool",,0,0,1,0,0,0,False,0.0,13423.73
63,63,THINNER TROPICAL,consu,consu,True,True,False,True,,,True,invoice_lines=1; normalized=thinner tropical,DETERMINISTIC,FIX_PURCHASE_OK,"Physical material, merchandise, food or tool",,0,0,1,0,0,0,False,0.0,755.0
88,88,THINNER TROPICAL 1GL,consu,consu,True,True,False,True,,,True,invoice_lines=1; normalized=thinner tropical 1gl,DETERMINISTIC,FIX_PURCHASE_OK,"Physical material, merchandise, food or tool",,0,0,1,0,0,0,False,0.0,698.0
162,162,TOLA GALVANIZADO LISA CALIBRE 14 ( 4X8X2 105 LBS ),consu,consu,True,True,False,True,,,True,invoice_lines=1; normalized=tola galvanizado lisa calibre 14 4x8x2 105 lbs,HIGH_CONFIDENCE,FIX_PURCHASE_OK,Already Goods and name is not a service,,0,0,1,0,0,0,False,0.0,3460.37
147,147,TONER CANON MF455 DW 057 (NEGRO),consu,consu,True,True,False,True,,,True,invoice_lines=1; normalized=toner canon mf455 dw 057 negro,DETERMINISTIC,FIX_PURCHASE_OK,"Physical material, merchandise, food or tool",,0,0,1,0,0,0,False,0.0,6590.0
144,144,TONER HP LASERJET 2727N FMP Q7553A,consu,consu,True,True,False,True,,,True,invoice_lines=1; normalized=toner hp laserjet 2727n fmp q7553a,DETERMINISTIC,FIX_PURCHASE_OK,"Physical material, merchandise, food or tool",,0,0,1,0,0,0,False,0.0,6000.0
150,150,TONER HP LASERJET M 1536 DNF MFP,consu,consu,True,True,False,True,,,True,invoice_lines=1; normalized=toner hp laserjet m 1536 dnf mfp,DETERMINISTIC,FIX_PURCHASE_OK,"Physical material, merchandise, food or tool",,0,0,1,0,0,0,False,0.0,5530.0
145,145,TONER HP LASERJET MFP 137 MNW WW 1105A,consu,consu,True,True,False,True,,,True,invoice_lines=1; normalized=toner hp laserjet mfp 137 mnw ww 1105a,DETERMINISTIC,FIX_PURCHASE_OK,"Physical material, merchandise, food or tool",,0,0,1,0,0,0,False,0.0,3160.0
142,142,TONER HP LASERJET PRO 201A (CF402A) YELLOW,consu,consu,True,True,False,True,,,True,invoice_lines=1; normalized=toner hp laserjet pro 201a cf402a yellow,DETERMINISTIC,FIX_PURCHASE_OK,"Physical material, merchandise, food or tool",,0,0,1,0,0,0,False,0.0,6947.0
143,143,TONER HP LASERJET PRO 201A (CF403A) MAGENTA,consu,consu,True,True,False,True,,,True,invoice_lines=1; normalized=toner hp laserjet pro 201a cf403a magenta,DETERMINISTIC,FIX_PURCHASE_OK,"Physical material, merchandise, food or tool",,0,0,1,0,0,0,False,0.0,6947.0
149,149,TONER HP LASERJET PRO M402-MFP M426 CF226A,consu,consu,True,True,False,True,,,True,invoice_lines=1; normalized=toner hp laserjet pro m402-mfp m426 cf226a,DETERMINISTIC,FIX_PURCHASE_OK,"Physical material, merchandise, food or tool",,0,0,1,0,0,0,False,0.0,6050.0
148,148,TONER LASERJET ENTERPRISE MFP M 528,consu,consu,True,True,False,True,,,True,invoice_lines=1; normalized=toner laserjet enterprise mfp m 528,DETERMINISTIC,FIX_PURCHASE_OK,"Physical material, merchandise, food or tool",,0,0,1,0,0,0,False,0.0,8530.0
24,24,TONER STANDARD CANON 057A WITHOUT CHIP,consu,consu,True,True,False,True,,,True,invoice_lines=1; normalized=toner standard canon 057a without chip,DETERMINISTIC,FIX_PURCHASE_OK,"Physical material, merchandise, food or tool",,0,0,1,0,0,0,False,0.0,5878.9
161,161,TORNILLO AUTOPERFORANTES ( 1/2 32 MM ),consu,consu,True,True,False,True,,,True,invoice_lines=1; normalized=tornillo autoperforantes 1/2 32 mm,DETERMINISTIC,FIX_PURCHASE_OK,"Physical material, merchandise, food or tool",,0,0,1,0,0,0,False,0.0,88.92
158,158,TUBO CUADRADO GALVANIZADO ( 3X3X1.5 MM ),consu,consu,True,True,False,True,,,True,invoice_lines=1; normalized=tubo cuadrado galvanizado 3x3x1.5 mm,DETERMINISTIC,FIX_PURCHASE_OK,"Physical material, merchandise, food or tool",,0,0,1,0,0,0,False,0.0,1265.0
157,157,TUBO CUADRADO GALVANIZADO ( 4X4 1.5 MM ),consu,consu,True,True,False,True,,,True,invoice_lines=1; normalized=tubo cuadrado galvanizado 4x4 1.5 mm,DETERMINISTIC,FIX_PURCHASE_OK,"Physical material, merchandise, food or tool",,0,0,1,0,0,0,False,0.0,1895.73
159,159,TUBO RECTANGULAR GALVANIZADO ( 2X2X1.5 MM ),consu,consu,True,True,False,True,,,True,invoice_lines=1; normalized=tubo rectangular galvanizado 2x2x1.5 mm,DETERMINISTIC,FIX_PURCHASE_OK,"Physical material, merchandise, food or tool",,0,0,1,0,0,0,False,0.0,942.0
23,23,"VALLA DE SEGURIDAD 2MT X 1.10MT EN TUBOS GALVANIZADOS DE 1 1/4"" Y BARRAS DE 5/8"" CON ESMALTE ALUMINIO",consu,consu,True,True,False,True,,,True,"invoice_lines=1; normalized=valla de seguridad 2mt x 1.10mt en tubos galvanizados de 1 1/4"" y barras de 5/8"" con esmalte aluminio",DETERMINISTIC,FIX_PURCHASE_OK,"Physical material, merchandise, food or tool",,0,0,1,0,0,0,False,0.0,10408.0
114,114,VALVULA ENTRADA INODORO 200AM133 FLUIDMASTER,consu,consu,True,True,False,True,,,True,invoice_lines=1; normalized=valvula entrada inodoro 200am133 fluidmaster,DETERMINISTIC,FIX_PURCHASE_OK,"Physical material, merchandise, food or tool",,0,0,1,0,0,0,False,0.0,740.0
68,68,VALVULA FLUXOMETRO P/INODORO Z6000-WS1-YBYC ZURN,consu,consu,True,True,False,True,,,True,invoice_lines=1; normalized=valvula fluxometro p/inodoro z6000-ws1-ybyc zurn,DETERMINISTIC,FIX_PURCHASE_OK,"Physical material, merchandise, food or tool",,0,0,1,0,0,0,False,0.0,11232.0
115,115,VALVULA SALIDA P/INODORO 507A133 FLUIDMASTER,consu,consu,True,True,False,True,,,True,invoice_lines=1; normalized=valvula salida p/inodoro 507a133 fluidmaster,DETERMINISTIC,FIX_PURCHASE_OK,"Physical material, merchandise, food or tool",,0,0,1,0,0,0,False,0.0,544.0
137,137,VIGA H 6X6X30,consu,consu,True,True,False,True,,,True,invoice_lines=1; normalized=viga h 6x6x30,HIGH_CONFIDENCE,FIX_PURCHASE_OK,Already Goods and name is not a service,,0,0,1,0,0,0,False,0.0,19655.0
66,66,VIGA H 6X6X30 15 LB/P,consu,consu,True,True,False,True,,,True,invoice_lines=1; normalized=viga h 6x6x30 15 lb/p,HIGH_CONFIDENCE,FIX_PURCHASE_OK,Already Goods and name is not a service,,0,0,1,0,0,0,False,0.0,35360.0
76,76,ZAFACON EKO 20L-WH 5GL,consu,consu,True,True,False,True,,,True,invoice_lines=1; normalized=zafacon eko 20l-wh 5gl,HIGH_CONFIDENCE,FIX_PURCHASE_OK,Already Goods and name is not a service,,0,0,1,0,0,0,False,0.0,2500.0
77,77,ZAFACON EKO 55L-WH 15GL,consu,consu,True,True,False,True,,,True,invoice_lines=1; normalized=zafacon eko 55l-wh 15gl,HIGH_CONFIDENCE,FIX_PURCHASE_OK,Already Goods and name is not a service,,0,0,1,0,0,0,False,0.0,7700.0
